年,月,地域区分,データ区分,地域コード,地域名称,人数
2021,1,都道府県,観光来訪者数,1,北海道,1585278
2021,1,都道府県,観光来訪者数,2,青森県,374381
2021,1,都道府県,観光来訪者数,3,岩手県,439588
2021,1,都道府県,観光来訪者数,4,宮城県,899591
2021,1,都道府県,観光来訪者数,5,秋田県,308535
2021,1,都道府県,観光来訪者数,6,山形県,351143
2021,1,都道府県,観光来訪者数,7,福島県,821882
2021,1,都道府県,観光来訪者数,8,茨城県,1224689
2021,1,都道府県,観光来訪者数,9,栃木県,1338365
2021,1,都道府県,観光来訪者数,10,群馬県,1030539
2021,1,都道府県,観光来訪者数,11,埼玉県,1381012
2021,1,都道府県,観光来訪者数,12,千葉県,2484169
2021,1,都道府県,観光来訪者数,13,東京都,4842282
2021,1,都道府県,観光来訪者数,14,神奈川県,1699616
2021,1,都道府県,観光来訪者数,15,新潟県,961282
2021,1,都道府県,観光来訪者数,16,富山県,211544
2021,1,都道府県,観光来訪者数,17,石川県,338745
2021,1,都道府県,観光来訪者数,18,福井県,228140
2021,1,都道府県,観光来訪者数,19,山梨県,591326
2021,1,都道府県,観光来訪者数,20,長野県,1772236
2021,1,都道府県,観光来訪者数,21,岐阜県,1145631
2021,1,都道府県,観光来訪者数,22,静岡県,2466595
2021,1,都道府県,観光来訪者数,23,愛知県,1794310
2021,1,都道府県,観光来訪者数,24,三重県,1027771
2021,1,都道府県,観光来訪者数,25,滋賀県,775990
2021,1,都道府県,観光来訪者数,26,京都府,1251941
2021,1,都道府県,観光来訪者数,27,大阪府,1967634
2021,1,都道府県,観光来訪者数,28,兵庫県,2567446
2021,1,都道府県,観光来訪者数,29,奈良県,716018
2021,1,都道府県,観光来訪者数,30,和歌山県,416410
2021,1,都道府県,観光来訪者数,31,鳥取県,194172
2021,1,都道府県,観光来訪者数,32,島根県,364869
2021,1,都道府県,観光来訪者数,33,岡山県,865185
2021,1,都道府県,観光来訪者数,34,広島県,885662
2021,1,都道府県,観光来訪者数,35,山口県,552075
2021,1,都道府県,観光来訪者数,36,徳島県,288077
2021,1,都道府県,観光来訪者数,37,香川県,312761
2021,1,都道府県,観光来訪者数,38,愛媛県,441905
2021,1,都道府県,観光来訪者数,39,高知県,253703
2021,1,都道府県,観光来訪者数,40,福岡県,1414178
2021,1,都道府県,観光来訪者数,41,佐賀県,434895
2021,1,都道府県,観光来訪者数,42,長崎県,255433
2021,1,都道府県,観光来訪者数,43,熊本県,813109
2021,1,都道府県,観光来訪者数,44,大分県,643879
2021,1,都道府県,観光来訪者数,45,宮崎県,403925
2021,1,都道府県,観光来訪者数,46,鹿児島県,557816
2021,1,都道府県,観光来訪者数,47,沖縄県,472074
2021,2,都道府県,観光来訪者数,1,北海道,1620135
2021,2,都道府県,観光来訪者数,2,青森県,392537
2021,2,都道府県,観光来訪者数,3,岩手県,446793
2021,2,都道府県,観光来訪者数,4,宮城県,884677
2021,2,都道府県,観光来訪者数,5,秋田県,369896
2021,2,都道府県,観光来訪者数,6,山形県,376470
2021,2,都道府県,観光来訪者数,7,福島県,841942
2021,2,都道府県,観光来訪者数,8,茨城県,1261304
2021,2,都道府県,観光来訪者数,9,栃木県,1372801
2021,2,都道府県,観光来訪者数,10,群馬県,1103474
2021,2,都道府県,観光来訪者数,11,埼玉県,1484907
2021,2,都道府県,観光来訪者数,12,千葉県,2354147
2021,2,都道府県,観光来訪者数,13,東京都,5056299
2021,2,都道府県,観光来訪者数,14,神奈川県,1875420
2021,2,都道府県,観光来訪者数,15,新潟県,1268761
2021,2,都道府県,観光来訪者数,16,富山県,299281
2021,2,都道府県,観光来訪者数,17,石川県,446722
2021,2,都道府県,観光来訪者数,18,福井県,339824
2021,2,都道府県,観光来訪者数,19,山梨県,593369
2021,2,都道府県,観光来訪者数,20,長野県,1891673
2021,2,都道府県,観光来訪者数,21,岐阜県,1334608
2021,2,都道府県,観光来訪者数,22,静岡県,2559812
2021,2,都道府県,観光来訪者数,23,愛知県,1888976
2021,2,都道府県,観光来訪者数,24,三重県,961011
2021,2,都道府県,観光来訪者数,25,滋賀県,893952
2021,2,都道府県,観光来訪者数,26,京都府,1227186
2021,2,都道府県,観光来訪者数,27,大阪府,1905883
2021,2,都道府県,観光来訪者数,28,兵庫県,2666718
2021,2,都道府県,観光来訪者数,29,奈良県,701514
2021,2,都道府県,観光来訪者数,30,和歌山県,405831
2021,2,都道府県,観光来訪者数,31,鳥取県,245993
2021,2,都道府県,観光来訪者数,32,島根県,389657
2021,2,都道府県,観光来訪者数,33,岡山県,906003
2021,2,都道府県,観光来訪者数,34,広島県,1031646
2021,2,都道府県,観光来訪者数,35,山口県,637223
2021,2,都道府県,観光来訪者数,36,徳島県,277880
2021,2,都道府県,観光来訪者数,37,香川県,289557
2021,2,都道府県,観光来訪者数,38,愛媛県,499119
2021,2,都道府県,観光来訪者数,39,高知県,298060
2021,2,都道府県,観光来訪者数,40,福岡県,1504653
2021,2,都道府県,観光来訪者数,41,佐賀県,440338
2021,2,都道府県,観光来訪者数,42,長崎県,287149
2021,2,都道府県,観光来訪者数,43,熊本県,845786
2021,2,都道府県,観光来訪者数,44,大分県,632292
2021,2,都道府県,観光来訪者数,45,宮崎県,417383
2021,2,都道府県,観光来訪者数,46,鹿児島県,537250
2021,2,都道府県,観光来訪者数,47,沖縄県,429927
2021,3,都道府県,観光来訪者数,1,北海道,2038361
2021,3,都道府県,観光来訪者数,2,青森県,497693
2021,3,都道府県,観光来訪者数,3,岩手県,569989
2021,3,都道府県,観光来訪者数,4,宮城県,1028168
2021,3,都道府県,観光来訪者数,5,秋田県,445406
2021,3,都道府県,観光来訪者数,6,山形県,460732
2021,3,都道府県,観光来訪者数,7,福島県,1049482
2021,3,都道府県,観光来訪者数,8,茨城県,1568963
2021,3,都道府県,観光来訪者数,9,栃木県,1828210
2021,3,都道府県,観光来訪者数,10,群馬県,1261990
2021,3,都道府県,観光来訪者数,11,埼玉県,1765600
2021,3,都道府県,観光来訪者数,12,千葉県,2661629
2021,3,都道府県,観光来訪者数,13,東京都,6819711
2021,3,都道府県,観光来訪者数,14,神奈川県,2392634
2021,3,都道府県,観光来訪者数,15,新潟県,1375401
2021,3,都道府県,観光来訪者数,16,富山県,393290
2021,3,都道府県,観光来訪者数,17,石川県,612824
2021,3,都道府県,観光来訪者数,18,福井県,441654
2021,3,都道府県,観光来訪者数,19,山梨県,846899
2021,3,都道府県,観光来訪者数,20,長野県,1991582
2021,3,都道府県,観光来訪者数,21,岐阜県,1536793
2021,3,都道府県,観光来訪者数,22,静岡県,3160569
2021,3,都道府県,観光来訪者数,23,愛知県,2579684
2021,3,都道府県,観光来訪者数,24,三重県,1368030
2021,3,都道府県,観光来訪者数,25,滋賀県,998541
2021,3,都道府県,観光来訪者数,26,京都府,2147173
2021,3,都道府県,観光来訪者数,27,大阪府,2824773
2021,3,都道府県,観光来訪者数,28,兵庫県,3537586
2021,3,都道府県,観光来訪者数,29,奈良県,953542
2021,3,都道府県,観光来訪者数,30,和歌山県,628457
2021,3,都道府県,観光来訪者数,31,鳥取県,329226
2021,3,都道府県,観光来訪者数,32,島根県,557656
2021,3,都道府県,観光来訪者数,33,岡山県,1155801
2021,3,都道府県,観光来訪者数,34,広島県,1399969
2021,3,都道府県,観光来訪者数,35,山口県,766357
2021,3,都道府県,観光来訪者数,36,徳島県,390294
2021,3,都道府県,観光来訪者数,37,香川県,432136
2021,3,都道府県,観光来訪者数,38,愛媛県,619572
2021,3,都道府県,観光来訪者数,39,高知県,401040
2021,3,都道府県,観光来訪者数,40,福岡県,2046791
2021,3,都道府県,観光来訪者数,41,佐賀県,542142
2021,3,都道府県,観光来訪者数,42,長崎県,492446
2021,3,都道府県,観光来訪者数,43,熊本県,1249720
2021,3,都道府県,観光来訪者数,44,大分県,903226
2021,3,都道府県,観光来訪者数,45,宮崎県,610797
2021,3,都道府県,観光来訪者数,46,鹿児島県,715486
2021,3,都道府県,観光来訪者数,47,沖縄県,625863
2021,4,都道府県,観光来訪者数,1,北海道,2181538
2021,4,都道府県,観光来訪者数,2,青森県,727268
2021,4,都道府県,観光来訪者数,3,岩手県,647405
2021,4,都道府県,観光来訪者数,4,宮城県,1079791
2021,4,都道府県,観光来訪者数,5,秋田県,563205
2021,4,都道府県,観光来訪者数,6,山形県,469742
2021,4,都道府県,観光来訪者数,7,福島県,1199411
2021,4,都道府県,観光来訪者数,8,茨城県,1803142
2021,4,都道府県,観光来訪者数,9,栃木県,2040322
2021,4,都道府県,観光来訪者数,10,群馬県,1301900
2021,4,都道府県,観光来訪者数,11,埼玉県,1979180
2021,4,都道府県,観光来訪者数,12,千葉県,3186609
2021,4,都道府県,観光来訪者数,13,東京都,6469236
2021,4,都道府県,観光来訪者数,14,神奈川県,2566817
2021,4,都道府県,観光来訪者数,15,新潟県,1279771
2021,4,都道府県,観光来訪者数,16,富山県,467237
2021,4,都道府県,観光来訪者数,17,石川県,590081
2021,4,都道府県,観光来訪者数,18,福井県,390139
2021,4,都道府県,観光来訪者数,19,山梨県,988435
2021,4,都道府県,観光来訪者数,20,長野県,1696734
2021,4,都道府県,観光来訪者数,21,岐阜県,1541391
2021,4,都道府県,観光来訪者数,22,静岡県,3071910
2021,4,都道府県,観光来訪者数,23,愛知県,2477327
2021,4,都道府県,観光来訪者数,24,三重県,1236932
2021,4,都道府県,観光来訪者数,25,滋賀県,979781
2021,4,都道府県,観光来訪者数,26,京都府,1496138
2021,4,都道府県,観光来訪者数,27,大阪府,2138780
2021,4,都道府県,観光来訪者数,28,兵庫県,2785270
2021,4,都道府県,観光来訪者数,29,奈良県,915919
2021,4,都道府県,観光来訪者数,30,和歌山県,531834
2021,4,都道府県,観光来訪者数,31,鳥取県,312374
2021,4,都道府県,観光来訪者数,32,島根県,519713
2021,4,都道府県,観光来訪者数,33,岡山県,1110917
2021,4,都道府県,観光来訪者数,34,広島県,1406986
2021,4,都道府県,観光来訪者数,35,山口県,741977
2021,4,都道府県,観光来訪者数,36,徳島県,358873
2021,4,都道府県,観光来訪者数,37,香川県,373349
2021,4,都道府県,観光来訪者数,38,愛媛県,430727
2021,4,都道府県,観光来訪者数,39,高知県,375755
2021,4,都道府県,観光来訪者数,40,福岡県,1994689
2021,4,都道府県,観光来訪者数,41,佐賀県,552588
2021,4,都道府県,観光来訪者数,42,長崎県,490186
2021,4,都道府県,観光来訪者数,43,熊本県,1223175
2021,4,都道府県,観光来訪者数,44,大分県,906738
2021,4,都道府県,観光来訪者数,45,宮崎県,544926
2021,4,都道府県,観光来訪者数,46,鹿児島県,682230
2021,4,都道府県,観光来訪者数,47,沖縄県,562359
2021,5,都道府県,観光来訪者数,1,北海道,2562212
2021,5,都道府県,観光来訪者数,2,青森県,754616
2021,5,都道府県,観光来訪者数,3,岩手県,819344
2021,5,都道府県,観光来訪者数,4,宮城県,1432204
2021,5,都道府県,観光来訪者数,5,秋田県,688644
2021,5,都道府県,観光来訪者数,6,山形県,669605
2021,5,都道府県,観光来訪者数,7,福島県,1266734
2021,5,都道府県,観光来訪者数,8,茨城県,1962281
2021,5,都道府県,観光来訪者数,9,栃木県,2216574
2021,5,都道府県,観光来訪者数,10,群馬県,1370995
2021,5,都道府県,観光来訪者数,11,埼玉県,2317218
2021,5,都道府県,観光来訪者数,12,千葉県,3385418
2021,5,都道府県,観光来訪者数,13,東京都,4430321
2021,5,都道府県,観光来訪者数,14,神奈川県,2926288
2021,5,都道府県,観光来訪者数,15,新潟県,1567644
2021,5,都道府県,観光来訪者数,16,富山県,479938
2021,5,都道府県,観光来訪者数,17,石川県,589473
2021,5,都道府県,観光来訪者数,18,福井県,439931
2021,5,都道府県,観光来訪者数,19,山梨県,1258875
2021,5,都道府県,観光来訪者数,20,長野県,1884663
2021,5,都道府県,観光来訪者数,21,岐阜県,1655657
2021,5,都道府県,観光来訪者数,22,静岡県,3467721
2021,5,都道府県,観光来訪者数,23,愛知県,2573107
2021,5,都道府県,観光来訪者数,24,三重県,1197782
2021,5,都道府県,観光来訪者数,25,滋賀県,1066493
2021,5,都道府県,観光来訪者数,26,京都府,990619
2021,5,都道府県,観光来訪者数,27,大阪府,1228126
2021,5,都道府県,観光来訪者数,28,兵庫県,2365649
2021,5,都道府県,観光来訪者数,29,奈良県,838371
2021,5,都道府県,観光来訪者数,30,和歌山県,583839
2021,5,都道府県,観光来訪者数,31,鳥取県,391187
2021,5,都道府県,観光来訪者数,32,島根県,590090
2021,5,都道府県,観光来訪者数,33,岡山県,914119
2021,5,都道府県,観光来訪者数,34,広島県,1285124
2021,5,都道府県,観光来訪者数,35,山口県,792336
2021,5,都道府県,観光来訪者数,36,徳島県,360609
2021,5,都道府県,観光来訪者数,37,香川県,333445
2021,5,都道府県,観光来訪者数,38,愛媛県,431475
2021,5,都道府県,観光来訪者数,39,高知県,440035
2021,5,都道府県,観光来訪者数,40,福岡県,1676920
2021,5,都道府県,観光来訪者数,41,佐賀県,555515
2021,5,都道府県,観光来訪者数,42,長崎県,436099
2021,5,都道府県,観光来訪者数,43,熊本県,1149150
2021,5,都道府県,観光来訪者数,44,大分県,878034
2021,5,都道府県,観光来訪者数,45,宮崎県,529342
2021,5,都道府県,観光来訪者数,46,鹿児島県,750908
2021,5,都道府県,観光来訪者数,47,沖縄県,542725
2021,6,都道府県,観光来訪者数,1,北海道,2103151
2021,6,都道府県,観光来訪者数,2,青森県,628547
2021,6,都道府県,観光来訪者数,3,岩手県,624291
2021,6,都道府県,観光来訪者数,4,宮城県,1236621
2021,6,都道府県,観光来訪者数,5,秋田県,637986
2021,6,都道府県,観光来訪者数,6,山形県,683144
2021,6,都道府県,観光来訪者数,7,福島県,1073103
2021,6,都道府県,観光来訪者数,8,茨城県,1493210
2021,6,都道府県,観光来訪者数,9,栃木県,1653470
2021,6,都道府県,観光来訪者数,10,群馬県,1023568
2021,6,都道府県,観光来訪者数,11,埼玉県,1658566
2021,6,都道府県,観光来訪者数,12,千葉県,2533857
2021,6,都道府県,観光来訪者数,13,東京都,6243150
2021,6,都道府県,観光来訪者数,14,神奈川県,2406800
2021,6,都道府県,観光来訪者数,15,新潟県,1244176
2021,6,都道府県,観光来訪者数,16,富山県,349495
2021,6,都道府県,観光来訪者数,17,石川県,452640
2021,6,都道府県,観光来訪者数,18,福井県,356487
2021,6,都道府県,観光来訪者数,19,山梨県,854644
2021,6,都道府県,観光来訪者数,20,長野県,1332681
2021,6,都道府県,観光来訪者数,21,岐阜県,1205693
2021,6,都道府県,観光来訪者数,22,静岡県,2538360
2021,6,都道府県,観光来訪者数,23,愛知県,2126612
2021,6,都道府県,観光来訪者数,24,三重県,918353
2021,6,都道府県,観光来訪者数,25,滋賀県,816497
2021,6,都道府県,観光来訪者数,26,京都府,1283064
2021,6,都道府県,観光来訪者数,27,大阪府,1908277
2021,6,都道府県,観光来訪者数,28,兵庫県,2524038
2021,6,都道府県,観光来訪者数,29,奈良県,728114
2021,6,都道府県,観光来訪者数,30,和歌山県,452411
2021,6,都道府県,観光来訪者数,31,鳥取県,301155
2021,6,都道府県,観光来訪者数,32,島根県,405796
2021,6,都道府県,観光来訪者数,33,岡山県,698857
2021,6,都道府県,観光来訪者数,34,広島県,914874
2021,6,都道府県,観光来訪者数,35,山口県,594055
2021,6,都道府県,観光来訪者数,36,徳島県,296967
2021,6,都道府県,観光来訪者数,37,香川県,256943
2021,6,都道府県,観光来訪者数,38,愛媛県,482489
2021,6,都道府県,観光来訪者数,39,高知県,264003
2021,6,都道府県,観光来訪者数,40,福岡県,1391791
2021,6,都道府県,観光来訪者数,41,佐賀県,453711
2021,6,都道府県,観光来訪者数,42,長崎県,329904
2021,6,都道府県,観光来訪者数,43,熊本県,861488
2021,6,都道府県,観光来訪者数,44,大分県,647944
2021,6,都道府県,観光来訪者数,45,宮崎県,456701
2021,6,都道府県,観光来訪者数,46,鹿児島県,461580
2021,6,都道府県,観光来訪者数,47,沖縄県,298402
2021,7,都道府県,観光来訪者数,1,北海道,3975273
2021,7,都道府県,観光来訪者数,2,青森県,821674
2021,7,都道府県,観光来訪者数,3,岩手県,783347
2021,7,都道府県,観光来訪者数,4,宮城県,1435749
2021,7,都道府県,観光来訪者数,5,秋田県,768822
2021,7,都道府県,観光来訪者数,6,山形県,800792
2021,7,都道府県,観光来訪者数,7,福島県,1405360
2021,7,都道府県,観光来訪者数,8,茨城県,1593243
2021,7,都道府県,観光来訪者数,9,栃木県,2041073
2021,7,都道府県,観光来訪者数,10,群馬県,1335280
2021,7,都道府県,観光来訪者数,11,埼玉県,1756112
2021,7,都道府県,観光来訪者数,12,千葉県,2725860
2021,7,都道府県,観光来訪者数,13,東京都,6484264
2021,7,都道府県,観光来訪者数,14,神奈川県,2451114
2021,7,都道府県,観光来訪者数,15,新潟県,1562592
2021,7,都道府県,観光来訪者数,16,富山県,464535
2021,7,都道府県,観光来訪者数,17,石川県,674988
2021,7,都道府県,観光来訪者数,18,福井県,577625
2021,7,都道府県,観光来訪者数,19,山梨県,1227567
2021,7,都道府県,観光来訪者数,20,長野県,2162922
2021,7,都道府県,観光来訪者数,21,岐阜県,1618337
2021,7,都道府県,観光来訪者数,22,静岡県,3032034
2021,7,都道府県,観光来訪者数,23,愛知県,2666607
2021,7,都道府県,観光来訪者数,24,三重県,1328523
2021,7,都道府県,観光来訪者数,25,滋賀県,1075862
2021,7,都道府県,観光来訪者数,26,京都府,1751830
2021,7,都道府県,観光来訪者数,27,大阪府,2623446
2021,7,都道府県,観光来訪者数,28,兵庫県,3429372
2021,7,都道府県,観光来訪者数,29,奈良県,854497
2021,7,都道府県,観光来訪者数,30,和歌山県,735751
2021,7,都道府県,観光来訪者数,31,鳥取県,371016
2021,7,都道府県,観光来訪者数,32,島根県,557942
2021,7,都道府県,観光来訪者数,33,岡山県,1137903
2021,7,都道府県,観光来訪者数,34,広島県,1316868
2021,7,都道府県,観光来訪者数,35,山口県,830392
2021,7,都道府県,観光来訪者数,36,徳島県,433063
2021,7,都道府県,観光来訪者数,37,香川県,436992
2021,7,都道府県,観光来訪者数,38,愛媛県,705368
2021,7,都道府県,観光来訪者数,39,高知県,425517
2021,7,都道府県,観光来訪者数,40,福岡県,2117691
2021,7,都道府県,観光来訪者数,41,佐賀県,546075
2021,7,都道府県,観光来訪者数,42,長崎県,521872
2021,7,都道府県,観光来訪者数,43,熊本県,1224583
2021,7,都道府県,観光来訪者数,44,大分県,953581
2021,7,都道府県,観光来訪者数,45,宮崎県,679239
2021,7,都道府県,観光来訪者数,46,鹿児島県,705421
2021,7,都道府県,観光来訪者数,47,沖縄県,457037
2021,8,都道府県,観光来訪者数,1,北海道,3960749
2021,8,都道府県,観光来訪者数,2,青森県,857338
2021,8,都道府県,観光来訪者数,3,岩手県,706667
2021,8,都道府県,観光来訪者数,4,宮城県,1366048
2021,8,都道府県,観光来訪者数,5,秋田県,737220
2021,8,都道府県,観光来訪者数,6,山形県,777433
2021,8,都道府県,観光来訪者数,7,福島県,1299930
2021,8,都道府県,観光来訪者数,8,茨城県,1280022
2021,8,都道府県,観光来訪者数,9,栃木県,1977206
2021,8,都道府県,観光来訪者数,10,群馬県,1331216
2021,8,都道府県,観光来訪者数,11,埼玉県,1796680
2021,8,都道府県,観光来訪者数,12,千葉県,2658701
2021,8,都道府県,観光来訪者数,13,東京都,5368349
2021,8,都道府県,観光来訪者数,14,神奈川県,2321423
2021,8,都道府県,観光来訪者数,15,新潟県,1652857
2021,8,都道府県,観光来訪者数,16,富山県,410015
2021,8,都道府県,観光来訪者数,17,石川県,555774
2021,8,都道府県,観光来訪者数,18,福井県,566696
2021,8,都道府県,観光来訪者数,19,山梨県,1239597
2021,8,都道府県,観光来訪者数,20,長野県,2255953
2021,8,都道府県,観光来訪者数,21,岐阜県,1565668
2021,8,都道府県,観光来訪者数,22,静岡県,3076089
2021,8,都道府県,観光来訪者数,23,愛知県,2468031
2021,8,都道府県,観光来訪者数,24,三重県,1319440
2021,8,都道府県,観光来訪者数,25,滋賀県,952616
2021,8,都道府県,観光来訪者数,26,京都府,1503507
2021,8,都道府県,観光来訪者数,27,大阪府,2362190
2021,8,都道府県,観光来訪者数,28,兵庫県,3207563
2021,8,都道府県,観光来訪者数,29,奈良県,809248
2021,8,都道府県,観光来訪者数,30,和歌山県,796328
2021,8,都道府県,観光来訪者数,31,鳥取県,370890
2021,8,都道府県,観光来訪者数,32,島根県,522990
2021,8,都道府県,観光来訪者数,33,岡山県,1035676
2021,8,都道府県,観光来訪者数,34,広島県,1085902
2021,8,都道府県,観光来訪者数,35,山口県,752803
2021,8,都道府県,観光来訪者数,36,徳島県,407156
2021,8,都道府県,観光来訪者数,37,香川県,363991
2021,8,都道府県,観光来訪者数,38,愛媛県,585475
2021,8,都道府県,観光来訪者数,39,高知県,396061
2021,8,都道府県,観光来訪者数,40,福岡県,1527251
2021,8,都道府県,観光来訪者数,41,佐賀県,393147
2021,8,都道府県,観光来訪者数,42,長崎県,381218
2021,8,都道府県,観光来訪者数,43,熊本県,931388
2021,8,都道府県,観光来訪者数,44,大分県,823051
2021,8,都道府県,観光来訪者数,45,宮崎県,517414
2021,8,都道府県,観光来訪者数,46,鹿児島県,551512
2021,8,都道府県,観光来訪者数,47,沖縄県,451686
2021,9,都道府県,観光来訪者数,1,北海道,2738160
2021,9,都道府県,観光来訪者数,2,青森県,563787
2021,9,都道府県,観光来訪者数,3,岩手県,625651
2021,9,都道府県,観光来訪者数,4,宮城県,1243494
2021,9,都道府県,観光来訪者数,5,秋田県,678526
2021,9,都道府県,観光来訪者数,6,山形県,744347
2021,9,都道府県,観光来訪者数,7,福島県,1154609
2021,9,都道府県,観光来訪者数,8,茨城県,1250320
2021,9,都道府県,観光来訪者数,9,栃木県,1691565
2021,9,都道府県,観光来訪者数,10,群馬県,1117961
2021,9,都道府県,観光来訪者数,11,埼玉県,1810034
2021,9,都道府県,観光来訪者数,12,千葉県,2664648
2021,9,都道府県,観光来訪者数,13,東京都,5735077
2021,9,都道府県,観光来訪者数,14,神奈川県,2207923
2021,9,都道府県,観光来訪者数,15,新潟県,1294419
2021,9,都道府県,観光来訪者数,16,富山県,364570
2021,9,都道府県,観光来訪者数,17,石川県,552531
2021,9,都道府県,観光来訪者数,18,福井県,444121
2021,9,都道府県,観光来訪者数,19,山梨県,1042019
2021,9,都道府県,観光来訪者数,20,長野県,1880923
2021,9,都道府県,観光来訪者数,21,岐阜県,1319136
2021,9,都道府県,観光来訪者数,22,静岡県,2336522
2021,9,都道府県,観光来訪者数,23,愛知県,2016424
2021,9,都道府県,観光来訪者数,24,三重県,847453
2021,9,都道府県,観光来訪者数,25,滋賀県,808378
2021,9,都道府県,観光来訪者数,26,京都府,1367080
2021,9,都道府県,観光来訪者数,27,大阪府,2249028
2021,9,都道府県,観光来訪者数,28,兵庫県,3046113
2021,9,都道府県,観光来訪者数,29,奈良県,816731
2021,9,都道府県,観光来訪者数,30,和歌山県,561345
2021,9,都道府県,観光来訪者数,31,鳥取県,357165
2021,9,都道府県,観光来訪者数,32,島根県,494134
2021,9,都道府県,観光来訪者数,33,岡山県,876430
2021,9,都道府県,観光来訪者数,34,広島県,1025220
2021,9,都道府県,観光来訪者数,35,山口県,675874
2021,9,都道府県,観光来訪者数,36,徳島県,334560
2021,9,都道府県,観光来訪者数,37,香川県,281769
2021,9,都道府県,観光来訪者数,38,愛媛県,500371
2021,9,都道府県,観光来訪者数,39,高知県,322694
2021,9,都道府県,観光来訪者数,40,福岡県,1571773
2021,9,都道府県,観光来訪者数,41,佐賀県,484105
2021,9,都道府県,観光来訪者数,42,長崎県,345351
2021,9,都道府県,観光来訪者数,43,熊本県,1106969
2021,9,都道府県,観光来訪者数,44,大分県,782507
2021,9,都道府県,観光来訪者数,45,宮崎県,454047
2021,9,都道府県,観光来訪者数,46,鹿児島県,476300
2021,9,都道府県,観光来訪者数,47,沖縄県,385090
2021,10,都道府県,観光来訪者数,1,北海道,3395454
2021,10,都道府県,観光来訪者数,2,青森県,816535
2021,10,都道府県,観光来訪者数,3,岩手県,856159
2021,10,都道府県,観光来訪者数,4,宮城県,1630228
2021,10,都道府県,観光来訪者数,5,秋田県,797233
2021,10,都道府県,観光来訪者数,6,山形県,929765
2021,10,都道府県,観光来訪者数,7,福島県,1636967
2021,10,都道府県,観光来訪者数,8,茨城県,1963202
2021,10,都道府県,観光来訪者数,9,栃木県,2453336
2021,10,都道府県,観光来訪者数,10,群馬県,1646280
2021,10,都道府県,観光来訪者数,11,埼玉県,2266367
2021,10,都道府県,観光来訪者数,12,千葉県,3359542
2021,10,都道府県,観光来訪者数,13,東京都,7771980
2021,10,都道府県,観光来訪者数,14,神奈川県,2880399
2021,10,都道府県,観光来訪者数,15,新潟県,1716928
2021,10,都道府県,観光来訪者数,16,富山県,551393
2021,10,都道府県,観光来訪者数,17,石川県,838501
2021,10,都道府県,観光来訪者数,18,福井県,594432
2021,10,都道府県,観光来訪者数,19,山梨県,1333962
2021,10,都道府県,観光来訪者数,20,長野県,2774914
2021,10,都道府県,観光来訪者数,21,岐阜県,2035559
2021,10,都道府県,観光来訪者数,22,静岡県,3215410
2021,10,都道府県,観光来訪者数,23,愛知県,3025301
2021,10,都道府県,観光来訪者数,24,三重県,1435317
2021,10,都道府県,観光来訪者数,25,滋賀県,1314082
2021,10,都道府県,観光来訪者数,26,京都府,2209853
2021,10,都道府県,観光来訪者数,27,大阪府,3084268
2021,10,都道府県,観光来訪者数,28,兵庫県,3882466
2021,10,都道府県,観光来訪者数,29,奈良県,1139075
2021,10,都道府県,観光来訪者数,30,和歌山県,757128
2021,10,都道府県,観光来訪者数,31,鳥取県,455758
2021,10,都道府県,観光来訪者数,32,島根県,699928
2021,10,都道府県,観光来訪者数,33,岡山県,1307489
2021,10,都道府県,観光来訪者数,34,広島県,1633278
2021,10,都道府県,観光来訪者数,35,山口県,969286
2021,10,都道府県,観光来訪者数,36,徳島県,465351
2021,10,都道府県,観光来訪者数,37,香川県,518688
2021,10,都道府県,観光来訪者数,38,愛媛県,715541
2021,10,都道府県,観光来訪者数,39,高知県,476487
2021,10,都道府県,観光来訪者数,40,福岡県,2302811
2021,10,都道府県,観光来訪者数,41,佐賀県,675780
2021,10,都道府県,観光来訪者数,42,長崎県,625545
2021,10,都道府県,観光来訪者数,43,熊本県,1426858
2021,10,都道府県,観光来訪者数,44,大分県,1188362
2021,10,都道府県,観光来訪者数,45,宮崎県,736631
2021,10,都道府県,観光来訪者数,46,鹿児島県,785414
2021,10,都道府県,観光来訪者数,47,沖縄県,615516
2021,11,都道府県,観光来訪者数,1,北海道,2379303
2021,11,都道府県,観光来訪者数,2,青森県,730568
2021,11,都道府県,観光来訪者数,3,岩手県,716361
2021,11,都道府県,観光来訪者数,4,宮城県,1617889
2021,11,都道府県,観光来訪者数,5,秋田県,629837
2021,11,都道府県,観光来訪者数,6,山形県,783327
2021,11,都道府県,観光来訪者数,7,福島県,1595846
2021,11,都道府県,観光来訪者数,8,茨城県,2086468
2021,11,都道府県,観光来訪者数,9,栃木県,2733712
2021,11,都道府県,観光来訪者数,10,群馬県,1693939
2021,11,都道府県,観光来訪者数,11,埼玉県,2530165
2021,11,都道府県,観光来訪者数,12,千葉県,3951362
2021,11,都道府県,観光来訪者数,13,東京都,9587222
2021,11,都道府県,観光来訪者数,14,神奈川県,3595257
2021,11,都道府県,観光来訪者数,15,新潟県,1527732
2021,11,都道府県,観光来訪者数,16,富山県,553508
2021,11,都道府県,観光来訪者数,17,石川県,908767
2021,11,都道府県,観光来訪者数,18,福井県,682290
2021,11,都道府県,観光来訪者数,19,山梨県,1410827
2021,11,都道府県,観光来訪者数,20,長野県,2360357
2021,11,都道府県,観光来訪者数,21,岐阜県,2087588
2021,11,都道府県,観光来訪者数,22,静岡県,3951254
2021,11,都道府県,観光来訪者数,23,愛知県,3208688
2021,11,都道府県,観光来訪者数,24,三重県,1649434
2021,11,都道府県,観光来訪者数,25,滋賀県,1506024
2021,11,都道府県,観光来訪者数,26,京都府,3894652
2021,11,都道府県,観光来訪者数,27,大阪府,3578998
2021,11,都道府県,観光来訪者数,28,兵庫県,4362847
2021,11,都道府県,観光来訪者数,29,奈良県,1520555
2021,11,都道府県,観光来訪者数,30,和歌山県,966855
2021,11,都道府県,観光来訪者数,31,鳥取県,510942
2021,11,都道府県,観光来訪者数,32,島根県,875863
2021,11,都道府県,観光来訪者数,33,岡山県,1591066
2021,11,都道府県,観光来訪者数,34,広島県,1803012
2021,11,都道府県,観光来訪者数,35,山口県,990073
2021,11,都道府県,観光来訪者数,36,徳島県,554547
2021,11,都道府県,観光来訪者数,37,香川県,668208
2021,11,都道府県,観光来訪者数,38,愛媛県,841634
2021,11,都道府県,観光来訪者数,39,高知県,530055
2021,11,都道府県,観光来訪者数,40,福岡県,2498501
2021,11,都道府県,観光来訪者数,41,佐賀県,768551
2021,11,都道府県,観光来訪者数,42,長崎県,770344
2021,11,都道府県,観光来訪者数,43,熊本県,1478412
2021,11,都道府県,観光来訪者数,44,大分県,1246891
2021,11,都道府県,観光来訪者数,45,宮崎県,873828
2021,11,都道府県,観光来訪者数,46,鹿児島県,963059
2021,11,都道府県,観光来訪者数,47,沖縄県,774498
2021,12,都道府県,観光来訪者数,1,北海道,2131918
2021,12,都道府県,観光来訪者数,2,青森県,521863
2021,12,都道府県,観光来訪者数,3,岩手県,514289
2021,12,都道府県,観光来訪者数,4,宮城県,1221356
2021,12,都道府県,観光来訪者数,5,秋田県,403013
2021,12,都道府県,観光来訪者数,6,山形県,454171
2021,12,都道府県,観光来訪者数,7,福島県,1083832
2021,12,都道府県,観光来訪者数,8,茨城県,1640369
2021,12,都道府県,観光来訪者数,9,栃木県,2083900
2021,12,都道府県,観光来訪者数,10,群馬県,1268510
2021,12,都道府県,観光来訪者数,11,埼玉県,2171541
2021,12,都道府県,観光来訪者数,12,千葉県,3828030
2021,12,都道府県,観光来訪者数,13,東京都,9585778
2021,12,都道府県,観光来訪者数,14,神奈川県,3301022
2021,12,都道府県,観光来訪者数,15,新潟県,1129514
2021,12,都道府県,観光来訪者数,16,富山県,316758
2021,12,都道府県,観光来訪者数,17,石川県,537024
2021,12,都道府県,観光来訪者数,18,福井県,396415
2021,12,都道府県,観光来訪者数,19,山梨県,844012
2021,12,都道府県,観光来訪者数,20,長野県,1910085
2021,12,都道府県,観光来訪者数,21,岐阜県,1320521
2021,12,都道府県,観光来訪者数,22,静岡県,3633381
2021,12,都道府県,観光来訪者数,23,愛知県,2778095
2021,12,都道府県,観光来訪者数,24,三重県,1450128
2021,12,都道府県,観光来訪者数,25,滋賀県,901066
2021,12,都道府県,観光来訪者数,26,京都府,2440609
2021,12,都道府県,観光来訪者数,27,大阪府,3413836
2021,12,都道府県,観光来訪者数,28,兵庫県,3551671
2021,12,都道府県,観光来訪者数,29,奈良県,860581
2021,12,都道府県,観光来訪者数,30,和歌山県,655692
2021,12,都道府県,観光来訪者数,31,鳥取県,282800
2021,12,都道府県,観光来訪者数,32,島根県,491565
2021,12,都道府県,観光来訪者数,33,岡山県,1158536
2021,12,都道府県,観光来訪者数,34,広島県,1327762
2021,12,都道府県,観光来訪者数,35,山口県,763788
2021,12,都道府県,観光来訪者数,36,徳島県,430517
2021,12,都道府県,観光来訪者数,37,香川県,490418
2021,12,都道府県,観光来訪者数,38,愛媛県,663061
2021,12,都道府県,観光来訪者数,39,高知県,409065
2021,12,都道府県,観光来訪者数,40,福岡県,2185439
2021,12,都道府県,観光来訪者数,41,佐賀県,597774
2021,12,都道府県,観光来訪者数,42,長崎県,721231
2021,12,都道府県,観光来訪者数,43,熊本県,1188233
2021,12,都道府県,観光来訪者数,44,大分県,943250
2021,12,都道府県,観光来訪者数,45,宮崎県,720651
2021,12,都道府県,観光来訪者数,46,鹿児島県,809641
2021,12,都道府県,観光来訪者数,47,沖縄県,856063
2022,1,都道府県,観光来訪者数,1,北海道,2020452
2022,1,都道府県,観光来訪者数,2,青森県,446030
2022,1,都道府県,観光来訪者数,3,岩手県,557505
2022,1,都道府県,観光来訪者数,4,宮城県,1123803
2022,1,都道府県,観光来訪者数,5,秋田県,388644
2022,1,都道府県,観光来訪者数,6,山形県,448105
2022,1,都道府県,観光来訪者数,7,福島県,1022689
2022,1,都道府県,観光来訪者数,8,茨城県,1607301
2022,1,都道府県,観光来訪者数,9,栃木県,1876271
2022,1,都道府県,観光来訪者数,10,群馬県,1349772
2022,1,都道府県,観光来訪者数,11,埼玉県,1951869
2022,1,都道府県,観光来訪者数,12,千葉県,3472143
2022,1,都道府県,観光来訪者数,13,東京都,7326777
2022,1,都道府県,観光来訪者数,14,神奈川県,2690861
2022,1,都道府県,観光来訪者数,15,新潟県,1451046
2022,1,都道府県,観光来訪者数,16,富山県,331324
2022,1,都道府県,観光来訪者数,17,石川県,518757
2022,1,都道府県,観光来訪者数,18,福井県,347658
2022,1,都道府県,観光来訪者数,19,山梨県,782261
2022,1,都道府県,観光来訪者数,20,長野県,2424230
2022,1,都道府県,観光来訪者数,21,岐阜県,1403482
2022,1,都道府県,観光来訪者数,22,静岡県,3449565
2022,1,都道府県,観光来訪者数,23,愛知県,2508785
2022,1,都道府県,観光来訪者数,24,三重県,1350146
2022,1,都道府県,観光来訪者数,25,滋賀県,836679
2022,1,都道府県,観光来訪者数,26,京都府,1958150
2022,1,都道府県,観光来訪者数,27,大阪府,2830329
2022,1,都道府県,観光来訪者数,28,兵庫県,3353496
2022,1,都道府県,観光来訪者数,29,奈良県,986026
2022,1,都道府県,観光来訪者数,30,和歌山県,599378
2022,1,都道府県,観光来訪者数,31,鳥取県,236013
2022,1,都道府県,観光来訪者数,32,島根県,483892
2022,1,都道府県,観光来訪者数,33,岡山県,1035510
2022,1,都道府県,観光来訪者数,34,広島県,1002215
2022,1,都道府県,観光来訪者数,35,山口県,671200
2022,1,都道府県,観光来訪者数,36,徳島県,408980
2022,1,都道府県,観光来訪者数,37,香川県,458217
2022,1,都道府県,観光来訪者数,38,愛媛県,615112
2022,1,都道府県,観光来訪者数,39,高知県,373494
2022,1,都道府県,観光来訪者数,40,福岡県,2190771
2022,1,都道府県,観光来訪者数,41,佐賀県,657224
2022,1,都道府県,観光来訪者数,42,長崎県,493593
2022,1,都道府県,観光来訪者数,43,熊本県,1119982
2022,1,都道府県,観光来訪者数,44,大分県,942903
2022,1,都道府県,観光来訪者数,45,宮崎県,653399
2022,1,都道府県,観光来訪者数,46,鹿児島県,720031
2022,1,都道府県,観光来訪者数,47,沖縄県,537055
2022,2,都道府県,観光来訪者数,1,北海道,1690490
2022,2,都道府県,観光来訪者数,2,青森県,324419
2022,2,都道府県,観光来訪者数,3,岩手県,439896
2022,2,都道府県,観光来訪者数,4,宮城県,864538
2022,2,都道府県,観光来訪者数,5,秋田県,343830
2022,2,都道府県,観光来訪者数,6,山形県,379416
2022,2,都道府県,観光来訪者数,7,福島県,817733
2022,2,都道府県,観光来訪者数,8,茨城県,1228068
2022,2,都道府県,観光来訪者数,9,栃木県,1380611
2022,2,都道府県,観光来訪者数,10,群馬県,1049004
2022,2,都道府県,観光来訪者数,11,埼玉県,1560282
2022,2,都道府県,観光来訪者数,12,千葉県,2479058
2022,2,都道府県,観光来訪者数,13,東京都,5949522
2022,2,都道府県,観光来訪者数,14,神奈川県,2069869
2022,2,都道府県,観光来訪者数,15,新潟県,1210148
2022,2,都道府県,観光来訪者数,16,富山県,257715
2022,2,都道府県,観光来訪者数,17,石川県,355619
2022,2,都道府県,観光来訪者数,18,福井県,268081
2022,2,都道府県,観光来訪者数,19,山梨県,528529
2022,2,都道府県,観光来訪者数,20,長野県,1916441
2022,2,都道府県,観光来訪者数,21,岐阜県,1175250
2022,2,都道府県,観光来訪者数,22,静岡県,2598482
2022,2,都道府県,観光来訪者数,23,愛知県,1949234
2022,2,都道府県,観光来訪者数,24,三重県,895486
2022,2,都道府県,観光来訪者数,25,滋賀県,735929
2022,2,都道府県,観光来訪者数,26,京都府,1247199
2022,2,都道府県,観光来訪者数,27,大阪府,2107833
2022,2,都道府県,観光来訪者数,28,兵庫県,2507850
2022,2,都道府県,観光来訪者数,29,奈良県,636336
2022,2,都道府県,観光来訪者数,30,和歌山県,410101
2022,2,都道府県,観光来訪者数,31,鳥取県,172218
2022,2,都道府県,観光来訪者数,32,島根県,309561
2022,2,都道府県,観光来訪者数,33,岡山県,771242
2022,2,都道府県,観光来訪者数,34,広島県,839729
2022,2,都道府県,観光来訪者数,35,山口県,518175
2022,2,都道府県,観光来訪者数,36,徳島県,268133
2022,2,都道府県,観光来訪者数,37,香川県,248712
2022,2,都道府県,観光来訪者数,38,愛媛県,408102
2022,2,都道府県,観光来訪者数,39,高知県,271611
2022,2,都道府県,観光来訪者数,40,福岡県,1547422
2022,2,都道府県,観光来訪者数,41,佐賀県,425882
2022,2,都道府県,観光来訪者数,42,長崎県,292317
2022,2,都道府県,観光来訪者数,43,熊本県,851721
2022,2,都道府県,観光来訪者数,44,大分県,622309
2022,2,都道府県,観光来訪者数,45,宮崎県,522904
2022,2,都道府県,観光来訪者数,46,鹿児島県,498558
2022,2,都道府県,観光来訪者数,47,沖縄県,566218
2022,3,都道府県,観光来訪者数,1,北海道,2172668
2022,3,都道府県,観光来訪者数,2,青森県,438619
2022,3,都道府県,観光来訪者数,3,岩手県,592597
2022,3,都道府県,観光来訪者数,4,宮城県,1153809
2022,3,都道府県,観光来訪者数,5,秋田県,455671
2022,3,都道府県,観光来訪者数,6,山形県,535442
2022,3,都道府県,観光来訪者数,7,福島県,1108527
2022,3,都道府県,観光来訪者数,8,茨城県,1766356
2022,3,都道府県,観光来訪者数,9,栃木県,2096800
2022,3,都道府県,観光来訪者数,10,群馬県,1376518
2022,3,都道府県,観光来訪者数,11,埼玉県,2331197
2022,3,都道府県,観光来訪者数,12,千葉県,3571901
2022,3,都道府県,観光来訪者数,13,東京都,9131042
2022,3,都道府県,観光来訪者数,14,神奈川県,3239950
2022,3,都道府県,観光来訪者数,15,新潟県,1509888
2022,3,都道府県,観光来訪者数,16,富山県,417000
2022,3,都道府県,観光来訪者数,17,石川県,608955
2022,3,都道府県,観光来訪者数,18,福井県,444056
2022,3,都道府県,観光来訪者数,19,山梨県,947604
2022,3,都道府県,観光来訪者数,20,長野県,2208179
2022,3,都道府県,観光来訪者数,21,岐阜県,1578710
2022,3,都道府県,観光来訪者数,22,静岡県,3732462
2022,3,都道府県,観光来訪者数,23,愛知県,3027946
2022,3,都道府県,観光来訪者数,24,三重県,1625682
2022,3,都道府県,観光来訪者数,25,滋賀県,1027796
2022,3,都道府県,観光来訪者数,26,京都府,2422939
2022,3,都道府県,観光来訪者数,27,大阪府,3467879
2022,3,都道府県,観光来訪者数,28,兵庫県,3796811
2022,3,都道府県,観光来訪者数,29,奈良県,1044954
2022,3,都道府県,観光来訪者数,30,和歌山県,699631
2022,3,都道府県,観光来訪者数,31,鳥取県,322493
2022,3,都道府県,観光来訪者数,32,島根県,568604
2022,3,都道府県,観光来訪者数,33,岡山県,1190525
2022,3,都道府県,観光来訪者数,34,広島県,1462399
2022,3,都道府県,観光来訪者数,35,山口県,839660
2022,3,都道府県,観光来訪者数,36,徳島県,436154
2022,3,都道府県,観光来訪者数,37,香川県,433697
2022,3,都道府県,観光来訪者数,38,愛媛県,679181
2022,3,都道府県,観光来訪者数,39,高知県,428795
2022,3,都道府県,観光来訪者数,40,福岡県,2329165
2022,3,都道府県,観光来訪者数,41,佐賀県,617803
2022,3,都道府県,観光来訪者数,42,長崎県,650174
2022,3,都道府県,観光来訪者数,43,熊本県,1268311
2022,3,都道府県,観光来訪者数,44,大分県,1049434
2022,3,都道府県,観光来訪者数,45,宮崎県,696932
2022,3,都道府県,観光来訪者数,46,鹿児島県,804694
2022,3,都道府県,観光来訪者数,47,沖縄県,779126
2022,4,都道府県,観光来訪者数,1,北海道,3117554
2022,4,都道府県,観光来訪者数,2,青森県,982424
2022,4,都道府県,観光来訪者数,3,岩手県,866617
2022,4,都道府県,観光来訪者数,4,宮城県,1664194
2022,4,都道府県,観光来訪者数,5,秋田県,740809
2022,4,都道府県,観光来訪者数,6,山形県,810888
2022,4,都道府県,観光来訪者数,7,福島県,1676419
2022,4,都道府県,観光来訪者数,8,茨城県,2180469
2022,4,都道府県,観光来訪者数,9,栃木県,2573162
2022,4,都道府県,観光来訪者数,10,群馬県,1646432
2022,4,都道府県,観光来訪者数,11,埼玉県,2631991
2022,4,都道府県,観光来訪者数,12,千葉県,3913141
2022,4,都道府県,観光来訪者数,13,東京都,10298783
2022,4,都道府県,観光来訪者数,14,神奈川県,3480983
2022,4,都道府県,観光来訪者数,15,新潟県,1776321
2022,4,都道府県,観光来訪者数,16,富山県,684131
2022,4,都道府県,観光来訪者数,17,石川県,818536
2022,4,都道府県,観光来訪者数,18,福井県,587942
2022,4,都道府県,観光来訪者数,19,山梨県,1286604
2022,4,都道府県,観光来訪者数,20,長野県,2551223
2022,4,都道府県,観光来訪者数,21,岐阜県,1914548
2022,4,都道府県,観光来訪者数,22,静岡県,3788701
2022,4,都道府県,観光来訪者数,23,愛知県,3370844
2022,4,都道府県,観光来訪者数,24,三重県,1534067
2022,4,都道府県,観光来訪者数,25,滋賀県,1336312
2022,4,都道府県,観光来訪者数,26,京都府,2945226
2022,4,都道府県,観光来訪者数,27,大阪府,3881703
2022,4,都道府県,観光来訪者数,28,兵庫県,4344989
2022,4,都道府県,観光来訪者数,29,奈良県,1450408
2022,4,都道府県,観光来訪者数,30,和歌山県,758922
2022,4,都道府県,観光来訪者数,31,鳥取県,453554
2022,4,都道府県,観光来訪者数,32,島根県,695367
2022,4,都道府県,観光来訪者数,33,岡山県,1465430
2022,4,都道府県,観光来訪者数,34,広島県,1922183
2022,4,都道府県,観光来訪者数,35,山口県,1004801
2022,4,都道府県,観光来訪者数,36,徳島県,506030
2022,4,都道府県,観光来訪者数,37,香川県,553358
2022,4,都道府県,観光来訪者数,38,愛媛県,820265
2022,4,都道府県,観光来訪者数,39,高知県,488498
2022,4,都道府県,観光来訪者数,40,福岡県,2668081
2022,4,都道府県,観光来訪者数,41,佐賀県,736082
2022,4,都道府県,観光来訪者数,42,長崎県,778259
2022,4,都道府県,観光来訪者数,43,熊本県,1514191
2022,4,都道府県,観光来訪者数,44,大分県,1153461
2022,4,都道府県,観光来訪者数,45,宮崎県,736752
2022,4,都道府県,観光来訪者数,46,鹿児島県,854898
2022,4,都道府県,観光来訪者数,47,沖縄県,852715
2022,5,都道府県,観光来訪者数,1,北海道,4950757
2022,5,都道府県,観光来訪者数,2,青森県,1200982
2022,5,都道府県,観光来訪者数,3,岩手県,1214579
2022,5,都道府県,観光来訪者数,4,宮城県,2190251
2022,5,都道府県,観光来訪者数,5,秋田県,1051614
2022,5,都道府県,観光来訪者数,6,山形県,1187207
2022,5,都道府県,観光来訪者数,7,福島県,1954239
2022,5,都道府県,観光来訪者数,8,茨城県,2627776
2022,5,都道府県,観光来訪者数,9,栃木県,3194981
2022,5,都道府県,観光来訪者数,10,群馬県,2122453
2022,5,都道府県,観光来訪者数,11,埼玉県,3193107
2022,5,都道府県,観光来訪者数,12,千葉県,4762754
2022,5,都道府県,観光来訪者数,13,東京都,12171380
2022,5,都道府県,観光来訪者数,14,神奈川県,4758922
2022,5,都道府県,観光来訪者数,15,新潟県,2410087
2022,5,都道府県,観光来訪者数,16,富山県,916814
2022,5,都道府県,観光来訪者数,17,石川県,1237328
2022,5,都道府県,観光来訪者数,18,福井県,880071
2022,5,都道府県,観光来訪者数,19,山梨県,1825249
2022,5,都道府県,観光来訪者数,20,長野県,3706807
2022,5,都道府県,観光来訪者数,21,岐阜県,2558127
2022,5,都道府県,観光来訪者数,22,静岡県,4901073
2022,5,都道府県,観光来訪者数,23,愛知県,4382318
2022,5,都道府県,観光来訪者数,24,三重県,2045311
2022,5,都道府県,観光来訪者数,25,滋賀県,1691986
2022,5,都道府県,観光来訪者数,26,京都府,3294378
2022,5,都道府県,観光来訪者数,27,大阪府,4684856
2022,5,都道府県,観光来訪者数,28,兵庫県,5302068
2022,5,都道府県,観光来訪者数,29,奈良県,1489196
2022,5,都道府県,観光来訪者数,30,和歌山県,1022917
2022,5,都道府県,観光来訪者数,31,鳥取県,683169
2022,5,都道府県,観光来訪者数,32,島根県,976158
2022,5,都道府県,観光来訪者数,33,岡山県,1804682
2022,5,都道府県,観光来訪者数,34,広島県,2616880
2022,5,都道府県,観光来訪者数,35,山口県,1309534
2022,5,都道府県,観光来訪者数,36,徳島県,767803
2022,5,都道府県,観光来訪者数,37,香川県,799079
2022,5,都道府県,観光来訪者数,38,愛媛県,1158181
2022,5,都道府県,観光来訪者数,39,高知県,760632
2022,5,都道府県,観光来訪者数,40,福岡県,3375114
2022,5,都道府県,観光来訪者数,41,佐賀県,942751
2022,5,都道府県,観光来訪者数,42,長崎県,1053348
2022,5,都道府県,観光来訪者数,43,熊本県,2037082
2022,5,都道府県,観光来訪者数,44,大分県,1594156
2022,5,都道府県,観光来訪者数,45,宮崎県,1026196
2022,5,都道府県,観光来訪者数,46,鹿児島県,1170382
2022,5,都道府県,観光来訪者数,47,沖縄県,873369
2022,6,都道府県,観光来訪者数,1,北海道,4397809
2022,6,都道府県,観光来訪者数,2,青森県,882610
2022,6,都道府県,観光来訪者数,3,岩手県,850232
2022,6,都道府県,観光来訪者数,4,宮城県,1584380
2022,6,都道府県,観光来訪者数,5,秋田県,774673
2022,6,都道府県,観光来訪者数,6,山形県,942350
2022,6,都道府県,観光来訪者数,7,福島県,1475800
2022,6,都道府県,観光来訪者数,8,茨城県,1810399
2022,6,都道府県,観光来訪者数,9,栃木県,2180001
2022,6,都道府県,観光来訪者数,10,群馬県,1602338
2022,6,都道府県,観光来訪者数,11,埼玉県,2358506
2022,6,都道府県,観光来訪者数,12,千葉県,3659677
2022,6,都道府県,観光来訪者数,13,東京都,10788149
2022,6,都道府県,観光来訪者数,14,神奈川県,3723162
2022,6,都道府県,観光来訪者数,15,新潟県,1608394
2022,6,都道府県,観光来訪者数,16,富山県,506868
2022,6,都道府県,観光来訪者数,17,石川県,753831
2022,6,都道府県,観光来訪者数,18,福井県,533887
2022,6,都道府県,観光来訪者数,19,山梨県,1259541
2022,6,都道府県,観光来訪者数,20,長野県,2787068
2022,6,都道府県,観光来訪者数,21,岐阜県,1699858
2022,6,都道府県,観光来訪者数,22,静岡県,3379796
2022,6,都道府県,観光来訪者数,23,愛知県,3252577
2022,6,都道府県,観光来訪者数,24,三重県,1353054
2022,6,都道府県,観光来訪者数,25,滋賀県,1085109
2022,6,都道府県,観光来訪者数,26,京都府,2532329
2022,6,都道府県,観光来訪者数,27,大阪府,3983757
2022,6,都道府県,観光来訪者数,28,兵庫県,4037047
2022,6,都道府県,観光来訪者数,29,奈良県,1041257
2022,6,都道府県,観光来訪者数,30,和歌山県,644973
2022,6,都道府県,観光来訪者数,31,鳥取県,426800
2022,6,都道府県,観光来訪者数,32,島根県,609749
2022,6,都道府県,観光来訪者数,33,岡山県,1200996
2022,6,都道府県,観光来訪者数,34,広島県,1615091
2022,6,都道府県,観光来訪者数,35,山口県,809432
2022,6,都道府県,観光来訪者数,36,徳島県,504568
2022,6,都道府県,観光来訪者数,37,香川県,466014
2022,6,都道府県,観光来訪者数,38,愛媛県,731584
2022,6,都道府県,観光来訪者数,39,高知県,453363
2022,6,都道府県,観光来訪者数,40,福岡県,2463961
2022,6,都道府県,観光来訪者数,41,佐賀県,570377
2022,6,都道府県,観光来訪者数,42,長崎県,597763
2022,6,都道府県,観光来訪者数,43,熊本県,1180710
2022,6,都道府県,観光来訪者数,44,大分県,951654
2022,6,都道府県,観光来訪者数,45,宮崎県,648028
2022,6,都道府県,観光来訪者数,46,鹿児島県,671916
2022,6,都道府県,観光来訪者数,47,沖縄県,781498
2022,7,都道府県,観光来訪者数,1,北海道,5469514
2022,7,都道府県,観光来訪者数,2,青森県,938745
2022,7,都道府県,観光来訪者数,3,岩手県,880812
2022,7,都道府県,観光来訪者数,4,宮城県,1617695
2022,7,都道府県,観光来訪者数,5,秋田県,845370
2022,7,都道府県,観光来訪者数,6,山形県,947922
2022,7,都道府県,観光来訪者数,7,福島県,1691672
2022,7,都道府県,観光来訪者数,8,茨城県,1825649
2022,7,都道府県,観光来訪者数,9,栃木県,2343604
2022,7,都道府県,観光来訪者数,10,群馬県,1599430
2022,7,都道府県,観光来訪者数,11,埼玉県,2286639
2022,7,都道府県,観光来訪者数,12,千葉県,3704207
2022,7,都道府県,観光来訪者数,13,東京都,9918294
2022,7,都道府県,観光来訪者数,14,神奈川県,3430365
2022,7,都道府県,観光来訪者数,15,新潟県,1853318
2022,7,都道府県,観光来訪者数,16,富山県,516652
2022,7,都道府県,観光来訪者数,17,石川県,816577
2022,7,都道府県,観光来訪者数,18,福井県,626475
2022,7,都道府県,観光来訪者数,19,山梨県,1609721
2022,7,都道府県,観光来訪者数,20,長野県,2619972
2022,7,都道府県,観光来訪者数,21,岐阜県,1750496
2022,7,都道府県,観光来訪者数,22,静岡県,3723182
2022,7,都道府県,観光来訪者数,23,愛知県,3462002
2022,7,都道府県,観光来訪者数,24,三重県,1426594
2022,7,都道府県,観光来訪者数,25,滋賀県,1119149
2022,7,都道府県,観光来訪者数,26,京都府,2332386
2022,7,都道府県,観光来訪者数,27,大阪府,4091795
2022,7,都道府県,観光来訪者数,28,兵庫県,4094662
2022,7,都道府県,観光来訪者数,29,奈良県,926808
2022,7,都道府県,観光来訪者数,30,和歌山県,780934
2022,7,都道府県,観光来訪者数,31,鳥取県,455994
2022,7,都道府県,観光来訪者数,32,島根県,581113
2022,7,都道府県,観光来訪者数,33,岡山県,1345651
2022,7,都道府県,観光来訪者数,34,広島県,1701612
2022,7,都道府県,観光来訪者数,35,山口県,870621
2022,7,都道府県,観光来訪者数,36,徳島県,537997
2022,7,都道府県,観光来訪者数,37,香川県,558980
2022,7,都道府県,観光来訪者数,38,愛媛県,730961
2022,7,都道府県,観光来訪者数,39,高知県,505008
2022,7,都道府県,観光来訪者数,40,福岡県,2766911
2022,7,都道府県,観光来訪者数,41,佐賀県,594035
2022,7,都道府県,観光来訪者数,42,長崎県,649064
2022,7,都道府県,観光来訪者数,43,熊本県,1304201
2022,7,都道府県,観光来訪者数,44,大分県,1039445
2022,7,都道府県,観光来訪者数,45,宮崎県,722404
2022,7,都道府県,観光来訪者数,46,鹿児島県,750008
2022,7,都道府県,観光来訪者数,47,沖縄県,1011902
2022,8,都道府県,観光来訪者数,1,北海道,5950872
2022,8,都道府県,観光来訪者数,2,青森県,1155821
2022,8,都道府県,観光来訪者数,3,岩手県,1060590
2022,8,都道府県,観光来訪者数,4,宮城県,1923018
2022,8,都道府県,観光来訪者数,5,秋田県,952810
2022,8,都道府県,観光来訪者数,6,山形県,1010549
2022,8,都道府県,観光来訪者数,7,福島県,2109597
2022,8,都道府県,観光来訪者数,8,茨城県,2005459
2022,8,都道府県,観光来訪者数,9,栃木県,3016335
2022,8,都道府県,観光来訪者数,10,群馬県,2056768
2022,8,都道府県,観光来訪者数,11,埼玉県,2630573
2022,8,都道府県,観光来訪者数,12,千葉県,4316043
2022,8,都道府県,観光来訪者数,13,東京都,10391448
2022,8,都道府県,観光来訪者数,14,神奈川県,4008498
2022,8,都道府県,観光来訪者数,15,新潟県,2166540
2022,8,都道府県,観光来訪者数,16,富山県,641017
2022,8,都道府県,観光来訪者数,17,石川県,999920
2022,8,都道府県,観光来訪者数,18,福井県,794130
2022,8,都道府県,観光来訪者数,19,山梨県,1995592
2022,8,都道府県,観光来訪者数,20,長野県,3654155
2022,8,都道府県,観光来訪者数,21,岐阜県,2264218
2022,8,都道府県,観光来訪者数,22,静岡県,4810440
2022,8,都道府県,観光来訪者数,23,愛知県,3773808
2022,8,都道府県,観光来訪者数,24,三重県,1925457
2022,8,都道府県,観光来訪者数,25,滋賀県,1373322
2022,8,都道府県,観光来訪者数,26,京都府,2579267
2022,8,都道府県,観光来訪者数,27,大阪府,4113908
2022,8,都道府県,観光来訪者数,28,兵庫県,4746085
2022,8,都道府県,観光来訪者数,29,奈良県,1123127
2022,8,都道府県,観光来訪者数,30,和歌山県,1019883
2022,8,都道府県,観光来訪者数,31,鳥取県,595951
2022,8,都道府県,観光来訪者数,32,島根県,807943
2022,8,都道府県,観光来訪者数,33,岡山県,1735302
2022,8,都道府県,観光来訪者数,34,広島県,2154521
2022,8,都道府県,観光来訪者数,35,山口県,1098624
2022,8,都道府県,観光来訪者数,36,徳島県,728599
2022,8,都道府県,観光来訪者数,37,香川県,699191
2022,8,都道府県,観光来訪者数,38,愛媛県,964220
2022,8,都道府県,観光来訪者数,39,高知県,701100
2022,8,都道府県,観光来訪者数,40,福岡県,2940080
2022,8,都道府県,観光来訪者数,41,佐賀県,680805
2022,8,都道府県,観光来訪者数,42,長崎県,852925
2022,8,都道府県,観光来訪者数,43,熊本県,1639649
2022,8,都道府県,観光来訪者数,44,大分県,1352768
2022,8,都道府県,観光来訪者数,45,宮崎県,918070
2022,8,都道府県,観光来訪者数,46,鹿児島県,943209
2022,8,都道府県,観光来訪者数,47,沖縄県,1009899
2022,9,都道府県,観光来訪者数,1,北海道,5094904
2022,9,都道府県,観光来訪者数,2,青森県,1030321
2022,9,都道府県,観光来訪者数,3,岩手県,966248
2022,9,都道府県,観光来訪者数,4,宮城県,1840317
2022,9,都道府県,観光来訪者数,5,秋田県,891817
2022,9,都道府県,観光来訪者数,6,山形県,977057
2022,9,都道府県,観光来訪者数,7,福島県,1718587
2022,9,都道府県,観光来訪者数,8,茨城県,1794420
2022,9,都道府県,観光来訪者数,9,栃木県,2590164
2022,9,都道府県,観光来訪者数,10,群馬県,1628524
2022,9,都道府県,観光来訪者数,11,埼玉県,2497570
2022,9,都道府県,観光来訪者数,12,千葉県,3820705
2022,9,都道府県,観光来訪者数,13,東京都,10133796
2022,9,都道府県,観光来訪者数,14,神奈川県,3555329
2022,9,都道府県,観光来訪者数,15,新潟県,1791392
2022,9,都道府県,観光来訪者数,16,富山県,600591
2022,9,都道府県,観光来訪者数,17,石川県,947052
2022,9,都道府県,観光来訪者数,18,福井県,571538
2022,9,都道府県,観光来訪者数,19,山梨県,1444125
2022,9,都道府県,観光来訪者数,20,長野県,2688351
2022,9,都道府県,観光来訪者数,21,岐阜県,1801774
2022,9,都道府県,観光来訪者数,22,静岡県,3372169
2022,9,都道府県,観光来訪者数,23,愛知県,3311176
2022,9,都道府県,観光来訪者数,24,三重県,1337227
2022,9,都道府県,観光来訪者数,25,滋賀県,1188832
2022,9,都道府県,観光来訪者数,26,京都府,2492160
2022,9,都道府県,観光来訪者数,27,大阪府,4010229
2022,9,都道府県,観光来訪者数,28,兵庫県,4051276
2022,9,都道府県,観光来訪者数,29,奈良県,965793
2022,9,都道府県,観光来訪者数,30,和歌山県,683450
2022,9,都道府県,観光来訪者数,31,鳥取県,470776
2022,9,都道府県,観光来訪者数,32,島根県,635480
2022,9,都道府県,観光来訪者数,33,岡山県,1352928
2022,9,都道府県,観光来訪者数,34,広島県,1707343
2022,9,都道府県,観光来訪者数,35,山口県,802657
2022,9,都道府県,観光来訪者数,36,徳島県,484825
2022,9,都道府県,観光来訪者数,37,香川県,483779
2022,9,都道府県,観光来訪者数,38,愛媛県,710133
2022,9,都道府県,観光来訪者数,39,高知県,424525
2022,9,都道府県,観光来訪者数,40,福岡県,2570195
2022,9,都道府県,観光来訪者数,41,佐賀県,577289
2022,9,都道府県,観光来訪者数,42,長崎県,638849
2022,9,都道府県,観光来訪者数,43,熊本県,1319780
2022,9,都道府県,観光来訪者数,44,大分県,995972
2022,9,都道府県,観光来訪者数,45,宮崎県,621902
2022,9,都道府県,観光来訪者数,46,鹿児島県,677767
2022,9,都道府県,観光来訪者数,47,沖縄県,710680
2022,10,都道府県,観光来訪者数,1,北海道,4372237
2022,10,都道府県,観光来訪者数,2,青森県,1164213
2022,10,都道府県,観光来訪者数,3,岩手県,1178460
2022,10,都道府県,観光来訪者数,4,宮城県,2060128
2022,10,都道府県,観光来訪者数,5,秋田県,1070743
2022,10,都道府県,観光来訪者数,6,山形県,1195220
2022,10,都道府県,観光来訪者数,7,福島県,2138021
2022,10,都道府県,観光来訪者数,8,茨城県,2411938
2022,10,都道府県,観光来訪者数,9,栃木県,3188323
2022,10,都道府県,観光来訪者数,10,群馬県,2217938
2022,10,都道府県,観光来訪者数,11,埼玉県,2802766
2022,10,都道府県,観光来訪者数,12,千葉県,4477200
2022,10,都道府県,観光来訪者数,13,東京都,11904888
2022,10,都道府県,観光来訪者数,14,神奈川県,4390996
2022,10,都道府県,観光来訪者数,15,新潟県,2207512
2022,10,都道府県,観光来訪者数,16,富山県,699229
2022,10,都道府県,観光来訪者数,17,石川県,1104396
2022,10,都道府県,観光来訪者数,18,福井県,785934
2022,10,都道府県,観光来訪者数,19,山梨県,1629247
2022,10,都道府県,観光来訪者数,20,長野県,3430607
2022,10,都道府県,観光来訪者数,21,岐阜県,2414107
2022,10,都道府県,観光来訪者数,22,静岡県,4205223
2022,10,都道府県,観光来訪者数,23,愛知県,3872381
2022,10,都道府県,観光来訪者数,24,三重県,2110018
2022,10,都道府県,観光来訪者数,25,滋賀県,1537021
2022,10,都道府県,観光来訪者数,26,京都府,3241568
2022,10,都道府県,観光来訪者数,27,大阪府,4840065
2022,10,都道府県,観光来訪者数,28,兵庫県,4764999
2022,10,都道府県,観光来訪者数,29,奈良県,1443418
2022,10,都道府県,観光来訪者数,30,和歌山県,977809
2022,10,都道府県,観光来訪者数,31,鳥取県,596504
2022,10,都道府県,観光来訪者数,32,島根県,913967
2022,10,都道府県,観光来訪者数,33,岡山県,1676646
2022,10,都道府県,観光来訪者数,34,広島県,2141651
2022,10,都道府県,観光来訪者数,35,山口県,1091741
2022,10,都道府県,観光来訪者数,36,徳島県,676534
2022,10,都道府県,観光来訪者数,37,香川県,736090
2022,10,都道府県,観光来訪者数,38,愛媛県,1000040
2022,10,都道府県,観光来訪者数,39,高知県,616720
2022,10,都道府県,観光来訪者数,40,福岡県,3089592
2022,10,都道府県,観光来訪者数,41,佐賀県,845991
2022,10,都道府県,観光来訪者数,42,長崎県,918274
2022,10,都道府県,観光来訪者数,43,熊本県,1828610
2022,10,都道府県,観光来訪者数,44,大分県,1492953
2022,10,都道府県,観光来訪者数,45,宮崎県,938146
2022,10,都道府県,観光来訪者数,46,鹿児島県,1021613
2022,10,都道府県,観光来訪者数,47,沖縄県,1073400
2022,11,都道府県,観光来訪者数,1,北海道,2812084
2022,11,都道府県,観光来訪者数,2,青森県,789260
2022,11,都道府県,観光来訪者数,3,岩手県,783097
2022,11,都道府県,観光来訪者数,4,宮城県,1714571
2022,11,都道府県,観光来訪者数,5,秋田県,717633
2022,11,都道府県,観光来訪者数,6,山形県,839735
2022,11,都道府県,観光来訪者数,7,福島県,1661376
2022,11,都道府県,観光来訪者数,8,茨城県,2105413
2022,11,都道府県,観光来訪者数,9,栃木県,2906768
2022,11,都道府県,観光来訪者数,10,群馬県,1798655
2022,11,都道府県,観光来訪者数,11,埼玉県,2798965
2022,11,都道府県,観光来訪者数,12,千葉県,4395974
2022,11,都道府県,観光来訪者数,13,東京都,12156847
2022,11,都道府県,観光来訪者数,14,神奈川県,4169453
2022,11,都道府県,観光来訪者数,15,新潟県,1695719
2022,11,都道府県,観光来訪者数,16,富山県,656266
2022,11,都道府県,観光来訪者数,17,石川県,1060852
2022,11,都道府県,観光来訪者数,18,福井県,759504
2022,11,都道府県,観光来訪者数,19,山梨県,1465456
2022,11,都道府県,観光来訪者数,20,長野県,2571705
2022,11,都道府県,観光来訪者数,21,岐阜県,2113507
2022,11,都道府県,観光来訪者数,22,静岡県,4174066
2022,11,都道府県,観光来訪者数,23,愛知県,3903906
2022,11,都道府県,観光来訪者数,24,三重県,1855802
2022,11,都道府県,観光来訪者数,25,滋賀県,1660149
2022,11,都道府県,観光来訪者数,26,京都府,4341390
2022,11,都道府県,観光来訪者数,27,大阪府,4575517
2022,11,都道府県,観光来訪者数,28,兵庫県,4700098
2022,11,都道府県,観光来訪者数,29,奈良県,1635021
2022,11,都道府県,観光来訪者数,30,和歌山県,926678
2022,11,都道府県,観光来訪者数,31,鳥取県,625421
2022,11,都道府県,観光来訪者数,32,島根県,978168
2022,11,都道府県,観光来訪者数,33,岡山県,1751206
2022,11,都道府県,観光来訪者数,34,広島県,2074357
2022,11,都道府県,観光来訪者数,35,山口県,1082206
2022,11,都道府県,観光来訪者数,36,徳島県,682469
2022,11,都道府県,観光来訪者数,37,香川県,716339
2022,11,都道府県,観光来訪者数,38,愛媛県,1052215
2022,11,都道府県,観光来訪者数,39,高知県,635290
2022,11,都道府県,観光来訪者数,40,福岡県,3044898
2022,11,都道府県,観光来訪者数,41,佐賀県,1004969
2022,11,都道府県,観光来訪者数,42,長崎県,950454
2022,11,都道府県,観光来訪者数,43,熊本県,1669712
2022,11,都道府県,観光来訪者数,44,大分県,1377765
2022,11,都道府県,観光来訪者数,45,宮崎県,895949
2022,11,都道府県,観光来訪者数,46,鹿児島県,1038869
2022,11,都道府県,観光来訪者数,47,沖縄県,1152760
2022,12,都道府県,観光来訪者数,1,北海道,2312947
2022,12,都道府県,観光来訪者数,2,青森県,550414
2022,12,都道府県,観光来訪者数,3,岩手県,544344
2022,12,都道府県,観光来訪者数,4,宮城県,1267656
2022,12,都道府県,観光来訪者数,5,秋田県,432225
2022,12,都道府県,観光来訪者数,6,山形県,498548
2022,12,都道府県,観光来訪者数,7,福島県,1092615
2022,12,都道府県,観光来訪者数,8,茨城県,1646200
2022,12,都道府県,観光来訪者数,9,栃木県,2106631
2022,12,都道府県,観光来訪者数,10,群馬県,1318481
2022,12,都道府県,観光来訪者数,11,埼玉県,2178725
2022,12,都道府県,観光来訪者数,12,千葉県,4038135
2022,12,都道府県,観光来訪者数,13,東京都,11603295
2022,12,都道府県,観光来訪者数,14,神奈川県,3755698
2022,12,都道府県,観光来訪者数,15,新潟県,1109943
2022,12,都道府県,観光来訪者数,16,富山県,363867
2022,12,都道府県,観光来訪者数,17,石川県,585018
2022,12,都道府県,観光来訪者数,18,福井県,423619
2022,12,都道府県,観光来訪者数,19,山梨県,914506
2022,12,都道府県,観光来訪者数,20,長野県,1913873
2022,12,都道府県,観光来訪者数,21,岐阜県,1357993
2022,12,都道府県,観光来訪者数,22,静岡県,3848222
2022,12,都道府県,観光来訪者数,23,愛知県,3054932
2022,12,都道府県,観光来訪者数,24,三重県,1651313
2022,12,都道府県,観光来訪者数,25,滋賀県,977300
2022,12,都道府県,観光来訪者数,26,京都府,2579061
2022,12,都道府県,観光来訪者数,27,大阪府,4228687
2022,12,都道府県,観光来訪者数,28,兵庫県,3607139
2022,12,都道府県,観光来訪者数,29,奈良県,921975
2022,12,都道府県,観光来訪者数,30,和歌山県,670164
2022,12,都道府県,観光来訪者数,31,鳥取県,344077
2022,12,都道府県,観光来訪者数,32,島根県,540155
2022,12,都道府県,観光来訪者数,33,岡山県,1209290
2022,12,都道府県,観光来訪者数,34,広島県,1422876
2022,12,都道府県,観光来訪者数,35,山口県,772246
2022,12,都道府県,観光来訪者数,36,徳島県,512699
2022,12,都道府県,観光来訪者数,37,香川県,499641
2022,12,都道府県,観光来訪者数,38,愛媛県,700888
2022,12,都道府県,観光来訪者数,39,高知県,427563
2022,12,都道府県,観光来訪者数,40,福岡県,2312152
2022,12,都道府県,観光来訪者数,41,佐賀県,609496
2022,12,都道府県,観光来訪者数,42,長崎県,784437
2022,12,都道府県,観光来訪者数,43,熊本県,1144715
2022,12,都道府県,観光来訪者数,44,大分県,947612
2022,12,都道府県,観光来訪者数,45,宮崎県,704479
2022,12,都道府県,観光来訪者数,46,鹿児島県,791364
2022,12,都道府県,観光来訪者数,47,沖縄県,1120873
2023,1,都道府県,観光来訪者数,1,北海道,2392557
2023,1,都道府県,観光来訪者数,2,青森県,531691
2023,1,都道府県,観光来訪者数,3,岩手県,669355
2023,1,都道府県,観光来訪者数,4,宮城県,1266958
2023,1,都道府県,観光来訪者数,5,秋田県,431812
2023,1,都道府県,観光来訪者数,6,山形県,536096
2023,1,都道府県,観光来訪者数,7,福島県,1215740
2023,1,都道府県,観光来訪者数,8,茨城県,1886390
2023,1,都道府県,観光来訪者数,9,栃木県,2159090
2023,1,都道府県,観光来訪者数,10,群馬県,1515535
2023,1,都道府県,観光来訪者数,11,埼玉県,2352488
2023,1,都道府県,観光来訪者数,12,千葉県,4112202
2023,1,都道府県,観光来訪者数,13,東京都,10543660
2023,1,都道府県,観光来訪者数,14,神奈川県,3552396
2023,1,都道府県,観光来訪者数,15,新潟県,1606573
2023,1,都道府県,観光来訪者数,16,富山県,371988
2023,1,都道府県,観光来訪者数,17,石川県,581608
2023,1,都道府県,観光来訪者数,18,福井県,386957
2023,1,都道府県,観光来訪者数,19,山梨県,856416
2023,1,都道府県,観光来訪者数,20,長野県,2673242
2023,1,都道府県,観光来訪者数,21,岐阜県,1618532
2023,1,都道府県,観光来訪者数,22,静岡県,3850405
2023,1,都道府県,観光来訪者数,23,愛知県,3227953
2023,1,都道府県,観光来訪者数,24,三重県,1554270
2023,1,都道府県,観光来訪者数,25,滋賀県,941011
2023,1,都道府県,観光来訪者数,26,京都府,2484684
2023,1,都道府県,観光来訪者数,27,大阪府,4055540
2023,1,都道府県,観光来訪者数,28,兵庫県,3461311
2023,1,都道府県,観光来訪者数,29,奈良県,1120970
2023,1,都道府県,観光来訪者数,30,和歌山県,626372
2023,1,都道府県,観光来訪者数,31,鳥取県,286337
2023,1,都道府県,観光来訪者数,32,島根県,577595
2023,1,都道府県,観光来訪者数,33,岡山県,1187669
2023,1,都道府県,観光来訪者数,34,広島県,1518543
2023,1,都道府県,観光来訪者数,35,山口県,849240
2023,1,都道府県,観光来訪者数,36,徳島県,487490
2023,1,都道府県,観光来訪者数,37,香川県,565933
2023,1,都道府県,観光来訪者数,38,愛媛県,728314
2023,1,都道府県,観光来訪者数,39,高知県,414630
2023,1,都道府県,観光来訪者数,40,福岡県,2578623
2023,1,都道府県,観光来訪者数,41,佐賀県,723630
2023,1,都道府県,観光来訪者数,42,長崎県,662045
2023,1,都道府県,観光来訪者数,43,熊本県,1227389
2023,1,都道府県,観光来訪者数,44,大分県,1033491
2023,1,都道府県,観光来訪者数,45,宮崎県,763924
2023,1,都道府県,観光来訪者数,46,鹿児島県,838274
2023,1,都道府県,観光来訪者数,47,沖縄県,1065197
2023,2,都道府県,観光来訪者数,1,北海道,2551579
2023,2,都道府県,観光来訪者数,2,青森県,482521
2023,2,都道府県,観光来訪者数,3,岩手県,563014
2023,2,都道府県,観光来訪者数,4,宮城県,1125452
2023,2,都道府県,観光来訪者数,5,秋田県,456665
2023,2,都道府県,観光来訪者数,6,山形県,546534
2023,2,都道府県,観光来訪者数,7,福島県,1145199
2023,2,都道府県,観光来訪者数,8,茨城県,1668265
2023,2,都道府県,観光来訪者数,9,栃木県,1813761
2023,2,都道府県,観光来訪者数,10,群馬県,1365781
2023,2,都道府県,観光来訪者数,11,埼玉県,1817455
2023,2,都道府県,観光来訪者数,12,千葉県,3491692
2023,2,都道府県,観光来訪者数,13,東京都,9651816
2023,2,都道府県,観光来訪者数,14,神奈川県,3188533
2023,2,都道府県,観光来訪者数,15,新潟県,1655637
2023,2,都道府県,観光来訪者数,16,富山県,391088
2023,2,都道府県,観光来訪者数,17,石川県,599667
2023,2,都道府県,観光来訪者数,18,福井県,368336
2023,2,都道府県,観光来訪者数,19,山梨県,704013
2023,2,都道府県,観光来訪者数,20,長野県,2368953
2023,2,都道府県,観光来訪者数,21,岐阜県,1551008
2023,2,都道府県,観光来訪者数,22,静岡県,3491093
2023,2,都道府県,観光来訪者数,23,愛知県,2786629
2023,2,都道府県,観光来訪者数,24,三重県,1296876
2023,2,都道府県,観光来訪者数,25,滋賀県,858793
2023,2,都道府県,観光来訪者数,26,京都府,1970833
2023,2,都道府県,観光来訪者数,27,大阪府,3580553
2023,2,都道府県,観光来訪者数,28,兵庫県,3213555
2023,2,都道府県,観光来訪者数,29,奈良県,850254
2023,2,都道府県,観光来訪者数,30,和歌山県,543995
2023,2,都道府県,観光来訪者数,31,鳥取県,269803
2023,2,都道府県,観光来訪者数,32,島根県,496517
2023,2,都道府県,観光来訪者数,33,岡山県,1058850
2023,2,都道府県,観光来訪者数,34,広島県,1339977
2023,2,都道府県,観光来訪者数,35,山口県,746725
2023,2,都道府県,観光来訪者数,36,徳島県,432959
2023,2,都道府県,観光来訪者数,37,香川県,456278
2023,2,都道府県,観光来訪者数,38,愛媛県,653088
2023,2,都道府県,観光来訪者数,39,高知県,398709
2023,2,都道府県,観光来訪者数,40,福岡県,2241375
2023,2,都道府県,観光来訪者数,41,佐賀県,638059
2023,2,都道府県,観光来訪者数,42,長崎県,675991
2023,2,都道府県,観光来訪者数,43,熊本県,1192884
2023,2,都道府県,観光来訪者数,44,大分県,903516
2023,2,都道府県,観光来訪者数,45,宮崎県,1014334
2023,2,都道府県,観光来訪者数,46,鹿児島県,768007
2023,2,都道府県,観光来訪者数,47,沖縄県,1297767
2023,3,都道府県,観光来訪者数,1,北海道,2956594
2023,3,都道府県,観光来訪者数,2,青森県,664578
2023,3,都道府県,観光来訪者数,3,岩手県,752802
2023,3,都道府県,観光来訪者数,4,宮城県,1511769
2023,3,都道府県,観光来訪者数,5,秋田県,577392
2023,3,都道府県,観光来訪者数,6,山形県,714423
2023,3,都道府県,観光来訪者数,7,福島県,1522530
2023,3,都道府県,観光来訪者数,8,茨城県,1947774
2023,3,都道府県,観光来訪者数,9,栃木県,2460012
2023,3,都道府県,観光来訪者数,10,群馬県,1575652
2023,3,都道府県,観光来訪者数,11,埼玉県,2477089
2023,3,都道府県,観光来訪者数,12,千葉県,4271329
2023,3,都道府県,観光来訪者数,13,東京都,12205793
2023,3,都道府県,観光来訪者数,14,神奈川県,3835002
2023,3,都道府県,観光来訪者数,15,新潟県,1892283
2023,3,都道府県,観光来訪者数,16,富山県,567398
2023,3,都道府県,観光来訪者数,17,石川県,895893
2023,3,都道府県,観光来訪者数,18,福井県,543436
2023,3,都道府県,観光来訪者数,19,山梨県,1130561
2023,3,都道府県,観光来訪者数,20,長野県,2473378
2023,3,都道府県,観光来訪者数,21,岐阜県,1906060
2023,3,都道府県,観光来訪者数,22,静岡県,4328583
2023,3,都道府県,観光来訪者数,23,愛知県,3751853
2023,3,都道府県,観光来訪者数,24,三重県,1993168
2023,3,都道府県,観光来訪者数,25,滋賀県,1223900
2023,3,都道府県,観光来訪者数,26,京都府,3255819
2023,3,都道府県,観光来訪者数,27,大阪府,4838110
2023,3,都道府県,観光来訪者数,28,兵庫県,4714407
2023,3,都道府県,観光来訪者数,29,奈良県,1178324
2023,3,都道府県,観光来訪者数,30,和歌山県,827047
2023,3,都道府県,観光来訪者数,31,鳥取県,471767
2023,3,都道府県,観光来訪者数,32,島根県,760287
2023,3,都道府県,観光来訪者数,33,岡山県,1497422
2023,3,都道府県,観光来訪者数,34,広島県,1942930
2023,3,都道府県,観光来訪者数,35,山口県,1004251
2023,3,都道府県,観光来訪者数,36,徳島県,637795
2023,3,都道府県,観光来訪者数,37,香川県,619786
2023,3,都道府県,観光来訪者数,38,愛媛県,866491
2023,3,都道府県,観光来訪者数,39,高知県,561023
2023,3,都道府県,観光来訪者数,40,福岡県,2898617
2023,3,都道府県,観光来訪者数,41,佐賀県,768406
2023,3,都道府県,観光来訪者数,42,長崎県,917765
2023,3,都道府県,観光来訪者数,43,熊本県,1622470
2023,3,都道府県,観光来訪者数,44,大分県,1242650
2023,3,都道府県,観光来訪者数,45,宮崎県,804008
2023,3,都道府県,観光来訪者数,46,鹿児島県,997452
2023,3,都道府県,観光来訪者数,47,沖縄県,1243877
2023,4,都道府県,観光来訪者数,1,北海道,3337893
2023,4,都道府県,観光来訪者数,2,青森県,1113706
2023,4,都道府県,観光来訪者数,3,岩手県,908678
2023,4,都道府県,観光来訪者数,4,宮城県,1873091
2023,4,都道府県,観光来訪者数,5,秋田県,777786
2023,4,都道府県,観光来訪者数,6,山形県,851684
2023,4,都道府県,観光来訪者数,7,福島県,1689539
2023,4,都道府県,観光来訪者数,8,茨城県,2300500
2023,4,都道府県,観光来訪者数,9,栃木県,2923896
2023,4,都道府県,観光来訪者数,10,群馬県,1578354
2023,4,都道府県,観光来訪者数,11,埼玉県,2743203
2023,4,都道府県,観光来訪者数,12,千葉県,4180135
2023,4,都道府県,観光来訪者数,13,東京都,11968752
2023,4,都道府県,観光来訪者数,14,神奈川県,4154911
2023,4,都道府県,観光来訪者数,15,新潟県,1826828
2023,4,都道府県,観光来訪者数,16,富山県,747812
2023,4,都道府県,観光来訪者数,17,石川県,859661
2023,4,都道府県,観光来訪者数,18,福井県,526252
2023,4,都道府県,観光来訪者数,19,山梨県,1359012
2023,4,都道府県,観光来訪者数,20,長野県,2393275
2023,4,都道府県,観光来訪者数,21,岐阜県,1837953
2023,4,都道府県,観光来訪者数,22,静岡県,3915654
2023,4,都道府県,観光来訪者数,23,愛知県,3937856
2023,4,都道府県,観光来訪者数,24,三重県,1593109
2023,4,都道府県,観光来訪者数,25,滋賀県,1296975
2023,4,都道府県,観光来訪者数,26,京都府,2935659
2023,4,都道府県,観光来訪者数,27,大阪府,4693975
2023,4,都道府県,観光来訪者数,28,兵庫県,4485903
2023,4,都道府県,観光来訪者数,29,奈良県,1367376
2023,4,都道府県,観光来訪者数,30,和歌山県,730421
2023,4,都道府県,観光来訪者数,31,鳥取県,467921
2023,4,都道府県,観光来訪者数,32,島根県,741703
2023,4,都道府県,観光来訪者数,33,岡山県,1502687
2023,4,都道府県,観光来訪者数,34,広島県,2223389
2023,4,都道府県,観光来訪者数,35,山口県,968299
2023,4,都道府県,観光来訪者数,36,徳島県,580103
2023,4,都道府県,観光来訪者数,37,香川県,601610
2023,4,都道府県,観光来訪者数,38,愛媛県,879279
2023,4,都道府県,観光来訪者数,39,高知県,525213
2023,4,都道府県,観光来訪者数,40,福岡県,2761506
2023,4,都道府県,観光来訪者数,41,佐賀県,747871
2023,4,都道府県,観光来訪者数,42,長崎県,788947
2023,4,都道府県,観光来訪者数,43,熊本県,1523268
2023,4,都道府県,観光来訪者数,44,大分県,1220100
2023,4,都道府県,観光来訪者数,45,宮崎県,792902
2023,4,都道府県,観光来訪者数,46,鹿児島県,958351
2023,4,都道府県,観光来訪者数,47,沖縄県,1090199
2023,5,都道府県,観光来訪者数,1,北海道,5412359
2023,5,都道府県,観光来訪者数,2,青森県,1301427
2023,5,都道府県,観光来訪者数,3,岩手県,1297443
2023,5,都道府県,観光来訪者数,4,宮城県,2238235
2023,5,都道府県,観光来訪者数,5,秋田県,1055871
2023,5,都道府県,観光来訪者数,6,山形県,1179633
2023,5,都道府県,観光来訪者数,7,福島県,2086844
2023,5,都道府県,観光来訪者数,8,茨城県,2511741
2023,5,都道府県,観光来訪者数,9,栃木県,3206495
2023,5,都道府県,観光来訪者数,10,群馬県,1925748
2023,5,都道府県,観光来訪者数,11,埼玉県,3253976
2023,5,都道府県,観光来訪者数,12,千葉県,4761900
2023,5,都道府県,観光来訪者数,13,東京都,13240392
2023,5,都道府県,観光来訪者数,14,神奈川県,4789274
2023,5,都道府県,観光来訪者数,15,新潟県,2393698
2023,5,都道府県,観光来訪者数,16,富山県,898958
2023,5,都道府県,観光来訪者数,17,石川県,1230199
2023,5,都道府県,観光来訪者数,18,福井県,862202
2023,5,都道府県,観光来訪者数,19,山梨県,1717172
2023,5,都道府県,観光来訪者数,20,長野県,3128264
2023,5,都道府県,観光来訪者数,21,岐阜県,2376603
2023,5,都道府県,観光来訪者数,22,静岡県,4943335
2023,5,都道府県,観光来訪者数,23,愛知県,4341759
2023,5,都道府県,観光来訪者数,24,三重県,1886292
2023,5,都道府県,観光来訪者数,25,滋賀県,1608455
2023,5,都道府県,観光来訪者数,26,京都府,3062412
2023,5,都道府県,観光来訪者数,27,大阪府,5148857
2023,5,都道府県,観光来訪者数,28,兵庫県,5465515
2023,5,都道府県,観光来訪者数,29,奈良県,1386420
2023,5,都道府県,観光来訪者数,30,和歌山県,1007561
2023,5,都道府県,観光来訪者数,31,鳥取県,710030
2023,5,都道府県,観光来訪者数,32,島根県,1023153
2023,5,都道府県,観光来訪者数,33,岡山県,1796186
2023,5,都道府県,観光来訪者数,34,広島県,2367645
2023,5,都道府県,観光来訪者数,35,山口県,1197398
2023,5,都道府県,観光来訪者数,36,徳島県,833140
2023,5,都道府県,観光来訪者数,37,香川県,849891
2023,5,都道府県,観光来訪者数,38,愛媛県,1154931
2023,5,都道府県,観光来訪者数,39,高知県,809294
2023,5,都道府県,観光来訪者数,40,福岡県,3351122
2023,5,都道府県,観光来訪者数,41,佐賀県,901050
2023,5,都道府県,観光来訪者数,42,長崎県,1034116
2023,5,都道府県,観光来訪者数,43,熊本県,1893282
2023,5,都道府県,観光来訪者数,44,大分県,1549852
2023,5,都道府県,観光来訪者数,45,宮崎県,1056135
2023,5,都道府県,観光来訪者数,46,鹿児島県,1254727
2023,5,都道府県,観光来訪者数,47,沖縄県,1098697
2023,6,都道府県,観光来訪者数,1,北海道,4897309
2023,6,都道府県,観光来訪者数,2,青森県,1012915
2023,6,都道府県,観光来訪者数,3,岩手県,876527
2023,6,都道府県,観光来訪者数,4,宮城県,1670237
2023,6,都道府県,観光来訪者数,5,秋田県,828786
2023,6,都道府県,観光来訪者数,6,山形県,982661
2023,6,都道府県,観光来訪者数,7,福島県,1481043
2023,6,都道府県,観光来訪者数,8,茨城県,1689877
2023,6,都道府県,観光来訪者数,9,栃木県,2190130
2023,6,都道府県,観光来訪者数,10,群馬県,1411845
2023,6,都道府県,観光来訪者数,11,埼玉県,2241317
2023,6,都道府県,観光来訪者数,12,千葉県,3835803
2023,6,都道府県,観光来訪者数,13,東京都,10946304
2023,6,都道府県,観光来訪者数,14,神奈川県,3853753
2023,6,都道府県,観光来訪者数,15,新潟県,1580218
2023,6,都道府県,観光来訪者数,16,富山県,528019
2023,6,都道府県,観光来訪者数,17,石川県,786367
2023,6,都道府県,観光来訪者数,18,福井県,543172
2023,6,都道府県,観光来訪者数,19,山梨県,1202259
2023,6,都道府県,観光来訪者数,20,長野県,2152704
2023,6,都道府県,観光来訪者数,21,岐阜県,1545970
2023,6,都道府県,観光来訪者数,22,静岡県,3424107
2023,6,都道府県,観光来訪者数,23,愛知県,3362480
2023,6,都道府県,観光来訪者数,24,三重県,1348577
2023,6,都道府県,観光来訪者数,25,滋賀県,1070708
2023,6,都道府県,観光来訪者数,26,京都府,2258187
2023,6,都道府県,観光来訪者数,27,大阪府,3915471
2023,6,都道府県,観光来訪者数,28,兵庫県,4021074
2023,6,都道府県,観光来訪者数,29,奈良県,1023673
2023,6,都道府県,観光来訪者数,30,和歌山県,633361
2023,6,都道府県,観光来訪者数,31,鳥取県,467763
2023,6,都道府県,観光来訪者数,32,島根県,681646
2023,6,都道府県,観光来訪者数,33,岡山県,1268002
2023,6,都道府県,観光来訪者数,34,広島県,1927458
2023,6,都道府県,観光来訪者数,35,山口県,872026
2023,6,都道府県,観光来訪者数,36,徳島県,546239
2023,6,都道府県,観光来訪者数,37,香川県,532085
2023,6,都道府県,観光来訪者数,38,愛媛県,737061
2023,6,都道府県,観光来訪者数,39,高知県,475682
2023,6,都道府県,観光来訪者数,40,福岡県,2605286
2023,6,都道府県,観光来訪者数,41,佐賀県,651881
2023,6,都道府県,観光来訪者数,42,長崎県,645429
2023,6,都道府県,観光来訪者数,43,熊本県,1178803
2023,6,都道府県,観光来訪者数,44,大分県,945212
2023,6,都道府県,観光来訪者数,45,宮崎県,676255
2023,6,都道府県,観光来訪者数,46,鹿児島県,709413
2023,6,都道府県,観光来訪者数,47,沖縄県,990132
2023,7,都道府県,観光来訪者数,1,北海道,5919940
2023,7,都道府県,観光来訪者数,2,青森県,1082399
2023,7,都道府県,観光来訪者数,3,岩手県,927626
2023,7,都道府県,観光来訪者数,4,宮城県,1742852
2023,7,都道府県,観光来訪者数,5,秋田県,754940
2023,7,都道府県,観光来訪者数,6,山形県,968483
2023,7,都道府県,観光来訪者数,7,福島県,1798430
2023,7,都道府県,観光来訪者数,8,茨城県,1868377
2023,7,都道府県,観光来訪者数,9,栃木県,2572262
2023,7,都道府県,観光来訪者数,10,群馬県,1705969
2023,7,都道府県,観光来訪者数,11,埼玉県,2306501
2023,7,都道府県,観光来訪者数,12,千葉県,3852232
2023,7,都道府県,観光来訪者数,13,東京都,11520362
2023,7,都道府県,観光来訪者数,14,神奈川県,3860023
2023,7,都道府県,観光来訪者数,15,新潟県,1960129
2023,7,都道府県,観光来訪者数,16,富山県,577088
2023,7,都道府県,観光来訪者数,17,石川県,813494
2023,7,都道府県,観光来訪者数,18,福井県,728822
2023,7,都道府県,観光来訪者数,19,山梨県,1593665
2023,7,都道府県,観光来訪者数,20,長野県,2854323
2023,7,都道府県,観光来訪者数,21,岐阜県,1764765
2023,7,都道府県,観光来訪者数,22,静岡県,4019119
2023,7,都道府県,観光来訪者数,23,愛知県,3940299
2023,7,都道府県,観光来訪者数,24,三重県,1562047
2023,7,都道府県,観光来訪者数,25,滋賀県,1160811
2023,7,都道府県,観光来訪者数,26,京都府,2215499
2023,7,都道府県,観光来訪者数,27,大阪府,4195196
2023,7,都道府県,観光来訪者数,28,兵庫県,4382792
2023,7,都道府県,観光来訪者数,29,奈良県,1001304
2023,7,都道府県,観光来訪者数,30,和歌山県,784337
2023,7,都道府県,観光来訪者数,31,鳥取県,471382
2023,7,都道府県,観光来訪者数,32,島根県,666236
2023,7,都道府県,観光来訪者数,33,岡山県,1386158
2023,7,都道府県,観光来訪者数,34,広島県,1724397
2023,7,都道府県,観光来訪者数,35,山口県,884663
2023,7,都道府県,観光来訪者数,36,徳島県,581742
2023,7,都道府県,観光来訪者数,37,香川県,564051
2023,7,都道府県,観光来訪者数,38,愛媛県,832716
2023,7,都道府県,観光来訪者数,39,高知県,566198
2023,7,都道府県,観光来訪者数,40,福岡県,2705921
2023,7,都道府県,観光来訪者数,41,佐賀県,609007
2023,7,都道府県,観光来訪者数,42,長崎県,666853
2023,7,都道府県,観光来訪者数,43,熊本県,1309816
2023,7,都道府県,観光来訪者数,44,大分県,1068249
2023,7,都道府県,観光来訪者数,45,宮崎県,774894
2023,7,都道府県,観光来訪者数,46,鹿児島県,826743
2023,7,都道府県,観光来訪者数,47,沖縄県,1114773
2023,8,都道府県,観光来訪者数,1,北海道,5972451
2023,8,都道府県,観光来訪者数,2,青森県,1395885
2023,8,都道府県,観光来訪者数,3,岩手県,1166280
2023,8,都道府県,観光来訪者数,4,宮城県,2081960
2023,8,都道府県,観光来訪者数,5,秋田県,1114259
2023,8,都道府県,観光来訪者数,6,山形県,1228996
2023,8,都道府県,観光来訪者数,7,福島県,2237120
2023,8,都道府県,観光来訪者数,8,茨城県,1949373
2023,8,都道府県,観光来訪者数,9,栃木県,3174372
2023,8,都道府県,観光来訪者数,10,群馬県,2036070
2023,8,都道府県,観光来訪者数,11,埼玉県,2588068
2023,8,都道府県,観光来訪者数,12,千葉県,4548542
2023,8,都道府県,観光来訪者数,13,東京都,11804517
2023,8,都道府県,観光来訪者数,14,神奈川県,4254567
2023,8,都道府県,観光来訪者数,15,新潟県,2523801
2023,8,都道府県,観光来訪者数,16,富山県,745541
2023,8,都道府県,観光来訪者数,17,石川県,1110638
2023,8,都道府県,観光来訪者数,18,福井県,956430
2023,8,都道府県,観光来訪者数,19,山梨県,1814089
2023,8,都道府県,観光来訪者数,20,長野県,3810907
2023,8,都道府県,観光来訪者数,21,岐阜県,2094172
2023,8,都道府県,観光来訪者数,22,静岡県,4769080
2023,8,都道府県,観光来訪者数,23,愛知県,3972481
2023,8,都道府県,観光来訪者数,24,三重県,1817772
2023,8,都道府県,観光来訪者数,25,滋賀県,1320805
2023,8,都道府県,観光来訪者数,26,京都府,2308801
2023,8,都道府県,観光来訪者数,27,大阪府,4650160
2023,8,都道府県,観光来訪者数,28,兵庫県,4845186
2023,8,都道府県,観光来訪者数,29,奈良県,1041221
2023,8,都道府県,観光来訪者数,30,和歌山県,885798
2023,8,都道府県,観光来訪者数,31,鳥取県,588064
2023,8,都道府県,観光来訪者数,32,島根県,865350
2023,8,都道府県,観光来訪者数,33,岡山県,1727685
2023,8,都道府県,観光来訪者数,34,広島県,2422167
2023,8,都道府県,観光来訪者数,35,山口県,1164260
2023,8,都道府県,観光来訪者数,36,徳島県,712146
2023,8,都道府県,観光来訪者数,37,香川県,711757
2023,8,都道府県,観光来訪者数,38,愛媛県,1052438
2023,8,都道府県,観光来訪者数,39,高知県,678291
2023,8,都道府県,観光来訪者数,40,福岡県,3139455
2023,8,都道府県,観光来訪者数,41,佐賀県,704797
2023,8,都道府県,観光来訪者数,42,長崎県,881362
2023,8,都道府県,観光来訪者数,43,熊本県,1583510
2023,8,都道府県,観光来訪者数,44,大分県,1267129
2023,8,都道府県,観光来訪者数,45,宮崎県,834836
2023,8,都道府県,観光来訪者数,46,鹿児島県,995704
2023,8,都道府県,観光来訪者数,47,沖縄県,925733
2023,9,都道府県,観光来訪者数,1,北海道,5281254
2023,9,都道府県,観光来訪者数,2,青森県,995972
2023,9,都道府県,観光来訪者数,3,岩手県,880709
2023,9,都道府県,観光来訪者数,4,宮城県,1746927
2023,9,都道府県,観光来訪者数,5,秋田県,818831
2023,9,都道府県,観光来訪者数,6,山形県,910606
2023,9,都道府県,観光来訪者数,7,福島県,1675841
2023,9,都道府県,観光来訪者数,8,茨城県,1750268
2023,9,都道府県,観光来訪者数,9,栃木県,2537332
2023,9,都道府県,観光来訪者数,10,群馬県,1681888
2023,9,都道府県,観光来訪者数,11,埼玉県,2526143
2023,9,都道府県,観光来訪者数,12,千葉県,4027261
2023,9,都道府県,観光来訪者数,13,東京都,10988220
2023,9,都道府県,観光来訪者数,14,神奈川県,4012818
2023,9,都道府県,観光来訪者数,15,新潟県,1739856
2023,9,都道府県,観光来訪者数,16,富山県,612925
2023,9,都道府県,観光来訪者数,17,石川県,983691
2023,9,都道府県,観光来訪者数,18,福井県,716423
2023,9,都道府県,観光来訪者数,19,山梨県,1622082
2023,9,都道府県,観光来訪者数,20,長野県,2848412
2023,9,都道府県,観光来訪者数,21,岐阜県,1868812
2023,9,都道府県,観光来訪者数,22,静岡県,3891452
2023,9,都道府県,観光来訪者数,23,愛知県,3678054
2023,9,都道府県,観光来訪者数,24,三重県,1656574
2023,9,都道府県,観光来訪者数,25,滋賀県,1240918
2023,9,都道府県,観光来訪者数,26,京都府,2330325
2023,9,都道府県,観光来訪者数,27,大阪府,4471039
2023,9,都道府県,観光来訪者数,28,兵庫県,4418106
2023,9,都道府県,観光来訪者数,29,奈良県,985756
2023,9,都道府県,観光来訪者数,30,和歌山県,690647
2023,9,都道府県,観光来訪者数,31,鳥取県,479957
2023,9,都道府県,観光来訪者数,32,島根県,705679
2023,9,都道府県,観光来訪者数,33,岡山県,1399979
2023,9,都道府県,観光来訪者数,34,広島県,2002837
2023,9,都道府県,観光来訪者数,35,山口県,940403
2023,9,都道府県,観光来訪者数,36,徳島県,573007
2023,9,都道府県,観光来訪者数,37,香川県,561270
2023,9,都道府県,観光来訪者数,38,愛媛県,812405
2023,9,都道府県,観光来訪者数,39,高知県,565851
2023,9,都道府県,観光来訪者数,40,福岡県,2763058
2023,9,都道府県,観光来訪者数,41,佐賀県,625076
2023,9,都道府県,観光来訪者数,42,長崎県,703042
2023,9,都道府県,観光来訪者数,43,熊本県,1441173
2023,9,都道府県,観光来訪者数,44,大分県,1063222
2023,9,都道府県,観光来訪者数,45,宮崎県,772070
2023,9,都道府県,観光来訪者数,46,鹿児島県,879142
2023,9,都道府県,観光来訪者数,47,沖縄県,880545
2023,10,都道府県,観光来訪者数,1,北海道,4208253
2023,10,都道府県,観光来訪者数,2,青森県,1046323
2023,10,都道府県,観光来訪者数,3,岩手県,1037787
2023,10,都道府県,観光来訪者数,4,宮城県,1854050
2023,10,都道府県,観光来訪者数,5,秋田県,911424
2023,10,都道府県,観光来訪者数,6,山形県,1040326
2023,10,都道府県,観光来訪者数,7,福島県,1973176
2023,10,都道府県,観光来訪者数,8,茨城県,2197167
2023,10,都道府県,観光来訪者数,9,栃木県,2960043
2023,10,都道府県,観光来訪者数,10,群馬県,1872325
2023,10,都道府県,観光来訪者数,11,埼玉県,2460692
2023,10,都道府県,観光来訪者数,12,千葉県,4540319
2023,10,都道府県,観光来訪者数,13,東京都,11864460
2023,10,都道府県,観光来訪者数,14,神奈川県,4106448
2023,10,都道府県,観光来訪者数,15,新潟県,1944841
2023,10,都道府県,観光来訪者数,16,富山県,681253
2023,10,都道府県,観光来訪者数,17,石川県,1109525
2023,10,都道府県,観光来訪者数,18,福井県,754361
2023,10,都道府県,観光来訪者数,19,山梨県,1532734
2023,10,都道府県,観光来訪者数,20,長野県,3045953
2023,10,都道府県,観光来訪者数,21,岐阜県,2092842
2023,10,都道府県,観光来訪者数,22,静岡県,4019509
2023,10,都道府県,観光来訪者数,23,愛知県,3659910
2023,10,都道府県,観光来訪者数,24,三重県,1597297
2023,10,都道府県,観光来訪者数,25,滋賀県,1401448
2023,10,都道府県,観光来訪者数,26,京都府,2778054
2023,10,都道府県,観光来訪者数,27,大阪府,4841459
2023,10,都道府県,観光来訪者数,28,兵庫県,4259962
2023,10,都道府県,観光来訪者数,29,奈良県,1316557
2023,10,都道府県,観光来訪者数,30,和歌山県,797475
2023,10,都道府県,観光来訪者数,31,鳥取県,518713
2023,10,都道府県,観光来訪者数,32,島根県,850043
2023,10,都道府県,観光来訪者数,33,岡山県,1515214
2023,10,都道府県,観光来訪者数,34,広島県,2129321
2023,10,都道府県,観光来訪者数,35,山口県,1035598
2023,10,都道府県,観光来訪者数,36,徳島県,638773
2023,10,都道府県,観光来訪者数,37,香川県,638408
2023,10,都道府県,観光来訪者数,38,愛媛県,954881
2023,10,都道府県,観光来訪者数,39,高知県,635130
2023,10,都道府県,観光来訪者数,40,福岡県,2858808
2023,10,都道府県,観光来訪者数,41,佐賀県,802034
2023,10,都道府県,観光来訪者数,42,長崎県,848309
2023,10,都道府県,観光来訪者数,43,熊本県,1629756
2023,10,都道府県,観光来訪者数,44,大分県,1308427
2023,10,都道府県,観光来訪者数,45,宮崎県,903424
2023,10,都道府県,観光来訪者数,46,鹿児島県,1071871
2023,10,都道府県,観光来訪者数,47,沖縄県,1070002
2023,11,都道府県,観光来訪者数,1,北海道,2858528
2023,11,都道府県,観光来訪者数,2,青森県,783517
2023,11,都道府県,観光来訪者数,3,岩手県,758024
2023,11,都道府県,観光来訪者数,4,宮城県,1760839
2023,11,都道府県,観光来訪者数,5,秋田県,640517
2023,11,都道府県,観光来訪者数,6,山形県,833058
2023,11,都道府県,観光来訪者数,7,福島県,1684075
2023,11,都道府県,観光来訪者数,8,茨城県,2187152
2023,11,都道府県,観光来訪者数,9,栃木県,3034362
2023,11,都道府県,観光来訪者数,10,群馬県,1795791
2023,11,都道府県,観光来訪者数,11,埼玉県,2729028
2023,11,都道府県,観光来訪者数,12,千葉県,4762637
2023,11,都道府県,観光来訪者数,13,東京都,12775127
2023,11,都道府県,観光来訪者数,14,神奈川県,4261693
2023,11,都道府県,観光来訪者数,15,新潟県,1632817
2023,11,都道府県,観光来訪者数,16,富山県,650741
2023,11,都道府県,観光来訪者数,17,石川県,1090111
2023,11,都道府県,観光来訪者数,18,福井県,787756
2023,11,都道府県,観光来訪者数,19,山梨県,1403969
2023,11,都道府県,観光来訪者数,20,長野県,2474715
2023,11,都道府県,観光来訪者数,21,岐阜県,2079207
2023,11,都道府県,観光来訪者数,22,静岡県,4420471
2023,11,都道府県,観光来訪者数,23,愛知県,4104875
2023,11,都道府県,観光来訪者数,24,三重県,1746837
2023,11,都道府県,観光来訪者数,25,滋賀県,1549650
2023,11,都道府県,観光来訪者数,26,京都府,3639320
2023,11,都道府県,観光来訪者数,27,大阪府,4882036
2023,11,都道府県,観光来訪者数,28,兵庫県,4596720
2023,11,都道府県,観光来訪者数,29,奈良県,1575140
2023,11,都道府県,観光来訪者数,30,和歌山県,913206
2023,11,都道府県,観光来訪者数,31,鳥取県,524868
2023,11,都道府県,観光来訪者数,32,島根県,907678
2023,11,都道府県,観光来訪者数,33,岡山県,1638527
2023,11,都道府県,観光来訪者数,34,広島県,2121919
2023,11,都道府県,観光来訪者数,35,山口県,1023829
2023,11,都道府県,観光来訪者数,36,徳島県,693082
2023,11,都道府県,観光来訪者数,37,香川県,713960
2023,11,都道府県,観光来訪者数,38,愛媛県,966948
2023,11,都道府県,観光来訪者数,39,高知県,638268
2023,11,都道府県,観光来訪者数,40,福岡県,2883784
2023,11,都道府県,観光来訪者数,41,佐賀県,1022858
2023,11,都道府県,観光来訪者数,42,長崎県,855057
2023,11,都道府県,観光来訪者数,43,熊本県,1588821
2023,11,都道府県,観光来訪者数,44,大分県,1310793
2023,11,都道府県,観光来訪者数,45,宮崎県,986278
2023,11,都道府県,観光来訪者数,46,鹿児島県,1079644
2023,11,都道府県,観光来訪者数,47,沖縄県,1088761
2023,12,都道府県,観光来訪者数,1,北海道,2191017
2023,12,都道府県,観光来訪者数,2,青森県,527711
2023,12,都道府県,観光来訪者数,3,岩手県,574696
2023,12,都道府県,観光来訪者数,4,宮城県,1287099
2023,12,都道府県,観光来訪者数,5,秋田県,425556
2023,12,都道府県,観光来訪者数,6,山形県,509085
2023,12,都道府県,観光来訪者数,7,福島県,1136334
2023,12,都道府県,観光来訪者数,8,茨城県,1683544
2023,12,都道府県,観光来訪者数,9,栃木県,2232797
2023,12,都道府県,観光来訪者数,10,群馬県,1315117
2023,12,都道府県,観光来訪者数,11,埼玉県,2223336
2023,12,都道府県,観光来訪者数,12,千葉県,4002743
2023,12,都道府県,観光来訪者数,13,東京都,12634490
2023,12,都道府県,観光来訪者数,14,神奈川県,3925987
2023,12,都道府県,観光来訪者数,15,新潟県,1176911
2023,12,都道府県,観光来訪者数,16,富山県,405869
2023,12,都道府県,観光来訪者数,17,石川県,594531
2023,12,都道府県,観光来訪者数,18,福井県,443404
2023,12,都道府県,観光来訪者数,19,山梨県,846252
2023,12,都道府県,観光来訪者数,20,長野県,1888736
2023,12,都道府県,観光来訪者数,21,岐阜県,1372379
2023,12,都道府県,観光来訪者数,22,静岡県,3712381
2023,12,都道府県,観光来訪者数,23,愛知県,3214358
2023,12,都道府県,観光来訪者数,24,三重県,1549171
2023,12,都道府県,観光来訪者数,25,滋賀県,980679
2023,12,都道府県,観光来訪者数,26,京都府,2523388
2023,12,都道府県,観光来訪者数,27,大阪府,4420840
2023,12,都道府県,観光来訪者数,28,兵庫県,3662175
2023,12,都道府県,観光来訪者数,29,奈良県,948662
2023,12,都道府県,観光来訪者数,30,和歌山県,594590
2023,12,都道府県,観光来訪者数,31,鳥取県,331252
2023,12,都道府県,観光来訪者数,32,島根県,552110
2023,12,都道府県,観光来訪者数,33,岡山県,1160087
2023,12,都道府県,観光来訪者数,34,広島県,1454914
2023,12,都道府県,観光来訪者数,35,山口県,750704
2023,12,都道府県,観光来訪者数,36,徳島県,479780
2023,12,都道府県,観光来訪者数,37,香川県,505673
2023,12,都道府県,観光来訪者数,38,愛媛県,671876
2023,12,都道府県,観光来訪者数,39,高知県,394259
2023,12,都道府県,観光来訪者数,40,福岡県,2329032
2023,12,都道府県,観光来訪者数,41,佐賀県,635209
2023,12,都道府県,観光来訪者数,42,長崎県,689287
2023,12,都道府県,観光来訪者数,43,熊本県,1082927
2023,12,都道府県,観光来訪者数,44,大分県,934507
2023,12,都道府県,観光来訪者数,45,宮崎県,717649
2023,12,都道府県,観光来訪者数,46,鹿児島県,810422
2023,12,都道府県,観光来訪者数,47,沖縄県,936982
2024,1,都道府県,観光来訪者数,1,北海道,2630220
2024,1,都道府県,観光来訪者数,2,青森県,644110
2024,1,都道府県,観光来訪者数,3,岩手県,726124
2024,1,都道府県,観光来訪者数,4,宮城県,1350495
2024,1,都道府県,観光来訪者数,5,秋田県,492520
2024,1,都道府県,観光来訪者数,6,山形県,638967
2024,1,都道府県,観光来訪者数,7,福島県,1307380
2024,1,都道府県,観光来訪者数,8,茨城県,1919222
2024,1,都道府県,観光来訪者数,9,栃木県,2316666
2024,1,都道府県,観光来訪者数,10,群馬県,1545595
2024,1,都道府県,観光来訪者数,11,埼玉県,2329789
2024,1,都道府県,観光来訪者数,12,千葉県,4311444
2024,1,都道府県,観光来訪者数,13,東京都,11954546
2024,1,都道府県,観光来訪者数,14,神奈川県,3857476
2024,1,都道府県,観光来訪者数,15,新潟県,1542203
2024,1,都道府県,観光来訪者数,16,富山県,391846
2024,1,都道府県,観光来訪者数,17,石川県,647522
2024,1,都道府県,観光来訪者数,18,福井県,427090
2024,1,都道府県,観光来訪者数,19,山梨県,930154
2024,1,都道府県,観光来訪者数,20,長野県,2796162
2024,1,都道府県,観光来訪者数,21,岐阜県,1613183
2024,1,都道府県,観光来訪者数,22,静岡県,4166952
2024,1,都道府県,観光来訪者数,23,愛知県,3497850
2024,1,都道府県,観光来訪者数,24,三重県,1715217
2024,1,都道府県,観光来訪者数,25,滋賀県,956152
2024,1,都道府県,観光来訪者数,26,京都府,2594661
2024,1,都道府県,観光来訪者数,27,大阪府,4363139
2024,1,都道府県,観光来訪者数,28,兵庫県,3996274
2024,1,都道府県,観光来訪者数,29,奈良県,1154735
2024,1,都道府県,観光来訪者数,30,和歌山県,674762
2024,1,都道府県,観光来訪者数,31,鳥取県,312186
2024,1,都道府県,観光来訪者数,32,島根県,631823
2024,1,都道府県,観光来訪者数,33,岡山県,1279996
2024,1,都道府県,観光来訪者数,34,広島県,1556162
2024,1,都道府県,観光来訪者数,35,山口県,909252
2024,1,都道府県,観光来訪者数,36,徳島県,526097
2024,1,都道府県,観光来訪者数,37,香川県,620003
2024,1,都道府県,観光来訪者数,38,愛媛県,835293
2024,1,都道府県,観光来訪者数,39,高知県,447033
2024,1,都道府県,観光来訪者数,40,福岡県,2766307
2024,1,都道府県,観光来訪者数,41,佐賀県,757233
2024,1,都道府県,観光来訪者数,42,長崎県,642928
2024,1,都道府県,観光来訪者数,43,熊本県,1298093
2024,1,都道府県,観光来訪者数,44,大分県,1128984
2024,1,都道府県,観光来訪者数,45,宮崎県,880655
2024,1,都道府県,観光来訪者数,46,鹿児島県,988365
2024,1,都道府県,観光来訪者数,47,沖縄県,1144902
2024,2,都道府県,観光来訪者数,1,北海道,2999679
2024,2,都道府県,観光来訪者数,2,青森県,674707
2024,2,都道府県,観光来訪者数,3,岩手県,709392
2024,2,都道府県,観光来訪者数,4,宮城県,1332678
2024,2,都道府県,観光来訪者数,5,秋田県,563652
2024,2,都道府県,観光来訪者数,6,山形県,699383
2024,2,都道府県,観光来訪者数,7,福島県,1408194
2024,2,都道府県,観光来訪者数,8,茨城県,1770219
2024,2,都道府県,観光来訪者数,9,栃木県,2115740
2024,2,都道府県,観光来訪者数,10,群馬県,1563486
2024,2,都道府県,観光来訪者数,11,埼玉県,2024442
2024,2,都道府県,観光来訪者数,12,千葉県,3860821
2024,2,都道府県,観光来訪者数,13,東京都,11972869
2024,2,都道府県,観光来訪者数,14,神奈川県,3602413
2024,2,都道府県,観光来訪者数,15,新潟県,1846321
2024,2,都道府県,観光来訪者数,16,富山県,477550
2024,2,都道府県,観光来訪者数,17,石川県,730800
2024,2,都道府県,観光来訪者数,18,福井県,471637
2024,2,都道府県,観光来訪者数,19,山梨県,759918
2024,2,都道府県,観光来訪者数,20,長野県,2823598
2024,2,都道府県,観光来訪者数,21,岐阜県,1700892
2024,2,都道府県,観光来訪者数,22,静岡県,3858093
2024,2,都道府県,観光来訪者数,23,愛知県,3252027
2024,2,都道府県,観光来訪者数,24,三重県,1603002
2024,2,都道府県,観光来訪者数,25,滋賀県,986914
2024,2,都道府県,観光来訪者数,26,京都府,2400782
2024,2,都道府県,観光来訪者数,27,大阪府,4311272
2024,2,都道府県,観光来訪者数,28,兵庫県,3677039
2024,2,都道府県,観光来訪者数,29,奈良県,881894
2024,2,都道府県,観光来訪者数,30,和歌山県,611777
2024,2,都道府県,観光来訪者数,31,鳥取県,324664
2024,2,都道府県,観光来訪者数,32,島根県,581707
2024,2,都道府県,観光来訪者数,33,岡山県,1232641
2024,2,都道府県,観光来訪者数,34,広島県,1564032
2024,2,都道府県,観光来訪者数,35,山口県,832804
2024,2,都道府県,観光来訪者数,36,徳島県,483948
2024,2,都道府県,観光来訪者数,37,香川県,589501
2024,2,都道府県,観光来訪者数,38,愛媛県,782932
2024,2,都道府県,観光来訪者数,39,高知県,473578
2024,2,都道府県,観光来訪者数,40,福岡県,2597155
2024,2,都道府県,観光来訪者数,41,佐賀県,697583
2024,2,都道府県,観光来訪者数,42,長崎県,809289
2024,2,都道府県,観光来訪者数,43,熊本県,1353373
2024,2,都道府県,観光来訪者数,44,大分県,1070424
2024,2,都道府県,観光来訪者数,45,宮崎県,1106574
2024,2,都道府県,観光来訪者数,46,鹿児島県,920509
2024,2,都道府県,観光来訪者数,47,沖縄県,1486939
